Date,lse_close
2004-01-01,360.01
2004-01-02,365.39
2004-01-05,360.01
2004-01-06,358.40
2004-01-07,363.78
2004-01-08,367.81
2004-01-09,372.91
2004-01-12,373.45
2004-01-13,373.18
2004-01-14,373.72
2004-01-15,375.06
2004-01-16,379.90
2004-01-19,390.64
2004-01-20,391.99
2004-01-21,394.67
2004-01-22,396.55
2004-01-23,393.87
2004-01-26,391.99
2004-01-27,394.14
2004-01-28,395.48
2004-01-29,390.11
2004-01-30,390.64
2004-02-02,392.25
2004-02-03,394.40
2004-02-04,391.18
2004-02-05,386.88
2004-02-06,392.79
2004-02-09,390.11
2004-02-10,387.15
2004-02-11,389.57
2004-02-12,391.72
2004-02-13,390.11
2004-02-16,392.25
2004-02-17,396.55
2004-02-18,401.39
2004-02-19,400.31
2004-02-20,398.70
2004-02-23,395.48
2004-02-24,380.97
2004-02-25,384.73
2004-02-26,380.97
2004-02-27,378.02
2004-03-01,379.36
2004-03-02,379.36
2004-03-03,382.85
2004-03-04,383.39
2004-03-05,387.69
2004-03-08,393.33
2004-03-09,393.60
2004-03-10,389.30
2004-03-11,387.96
2004-03-12,392.52
2004-03-15,392.25
2004-03-16,391.45
2004-03-17,399.78
2004-03-18,393.33
2004-03-19,392.52
2004-03-22,384.73
2004-03-23,378.28
2004-03-24,381.51
2004-03-25,381.51
2004-03-26,378.28
2004-03-29,382.05
2004-03-30,376.40
2004-03-31,376.67
2004-04-01,381.78
2004-04-02,386.88
2004-04-05,387.96
2004-04-06,386.61
2004-04-07,392.25
2004-04-08,389.84
2004-04-09,389.84
2004-04-12,389.84
2004-04-13,389.57
2004-04-14,384.46
2004-04-15,381.51
2004-04-16,380.97
2004-04-19,382.31
2004-04-20,380.16
2004-04-21,377.75
2004-04-22,382.31
2004-04-23,384.19
2004-04-26,382.85
2004-04-27,378.28
2004-04-28,381.51
2004-04-29,377.48
2004-04-30,374.79
2004-05-03,374.79
2004-05-04,374.52
2004-05-05,375.06
2004-05-06,376.67
2004-05-07,380.43
2004-05-10,376.67
2004-05-11,381.78
2004-05-12,394.94
2004-05-13,393.60
2004-05-14,397.63
2004-05-17,393.33
2004-05-18,398.17
2004-05-19,404.61
2004-05-20,407.30
2004-05-21,412.14
2004-05-24,420.20
2004-05-25,411.33
2004-05-26,408.37
2004-05-27,403.81
2004-05-28,404.61
2004-05-31,404.61
2004-06-01,402.20
2004-06-02,403.00
2004-06-03,398.70
2004-06-04,398.43
2004-06-07,399.78
2004-06-08,397.63
2004-06-09,399.51
2004-06-10,398.70
2004-06-11,395.48
2004-06-14,393.87
2004-06-15,392.25
2004-06-16,395.21
2004-06-17,394.94
2004-06-18,394.14
2004-06-21,395.75
2004-06-22,399.51
2004-06-23,399.78
2004-06-24,394.40
2004-06-25,394.40
2004-06-28,392.25
2004-06-29,394.40
2004-06-30,393.33
2004-07-01,396.82
2004-07-02,393.60
2004-07-05,394.40
2004-07-06,395.48
2004-07-07,393.06
2004-07-08,397.63
2004-07-09,399.51
2004-07-12,400.85
2004-07-13,410.79
2004-07-14,407.57
2004-07-15,408.37
2004-07-16,404.08
2004-07-19,411.60
2004-07-20,409.72
2004-07-21,407.30
2004-07-22,398.43
2004-07-23,402.46
2004-07-26,334.38
2004-07-27,329.77
2004-07-28,329.77
2004-07-29,331.61
2004-07-30,327.93
2004-08-02,330.92
2004-08-03,331.61
2004-08-04,327.70
2004-08-05,326.55
2004-08-06,323.55
2004-08-09,320.56
2004-08-10,319.64
2004-08-11,313.65
2004-08-12,314.11
2004-08-13,310.66
2004-08-16,316.64
2004-08-17,315.95
2004-08-18,317.33
2004-08-19,324.24
2004-08-20,322.40
2004-08-23,328.39
2004-08-24,325.39
2004-08-25,328.85
2004-08-26,328.16
2004-08-27,329.77
2004-08-30,329.77
2004-08-31,328.85
2004-09-01,329.31
2004-09-02,333.45
2004-09-03,336.22
2004-09-06,335.76
2004-09-07,332.53
2004-09-08,332.53
2004-09-09,333.69
2004-09-10,333.92
2004-09-13,333.45
2004-09-14,331.61
2004-09-15,330.23
2004-09-16,333.69
2004-09-17,331.61
2004-09-20,329.08
2004-09-21,329.08
2004-09-22,328.85
2004-09-23,317.80
2004-09-24,318.72
2004-09-27,318.26
2004-09-28,320.79
2004-09-29,322.40
2004-09-30,317.80
2004-10-01,321.25
2004-10-04,323.78
2004-10-05,323.78
2004-10-06,321.48
2004-10-07,321.25
2004-10-08,324.93
2004-10-11,326.55
2004-10-12,327.47
2004-10-13,325.16
2004-10-14,324.01
2004-10-15,322.17
2004-10-18,321.48
2004-10-19,319.64
2004-10-20,320.33
2004-10-21,319.18
2004-10-22,320.56
2004-10-25,317.80
2004-10-26,318.72
2004-10-27,324.24
2004-10-28,326.09
2004-10-29,336.22
2004-11-01,339.67
2004-11-02,339.90
2004-11-03,341.75
2004-11-04,340.82
2004-11-05,345.43
2004-11-08,345.43
2004-11-09,348.65
2004-11-10,356.48
2004-11-11,356.48
2004-11-12,364.77
2004-11-15,364.77
2004-11-16,361.09
2004-11-17,355.56
2004-11-18,350.04
2004-11-19,352.11
2004-11-22,354.41
2004-11-23,354.64
2004-11-24,362.01
2004-11-25,373.06
2004-11-26,380.89
2004-11-29,376.75
2004-11-30,376.52
2004-12-01,373.06
2004-12-02,383.43
2004-12-03,388.72
2004-12-06,382.05
2004-12-07,381.58
2004-12-08,381.82
2004-12-09,378.59
2004-12-10,396.09
2004-12-13,497.42
2004-12-14,501.10
2004-12-15,507.55
2004-12-16,512.53
2004-12-17,512.16
2004-12-20,534.03
2004-12-21,529.66
2004-12-22,529.66
2004-12-23,531.96
2004-12-24,532.42
2004-12-27,532.42
2004-12-28,532.42
2004-12-29,537.95
2004-12-30,536.11
2004-12-31,536.11
2005-01-03,536.11
2005-01-04,541.63
2005-01-05,538.87
2005-01-06,538.04
2005-01-07,537.95
2005-01-10,538.64
2005-01-11,543.48
2005-01-12,541.63
2005-01-13,542.56
2005-01-14,538.87
2005-01-17,534.26
2005-01-18,528.74
2005-01-19,528.74
2005-01-20,529.43
2005-01-21,534.26
2005-01-24,530.12
2005-01-25,535.19
2005-01-26,529.20
2005-01-27,533.34
2005-01-28,531.50
2005-01-31,527.36
2005-02-01,527.36
2005-02-02,524.59
2005-02-03,525.28
2005-02-04,520.45
2005-02-07,521.37
2005-02-08,520.45
2005-02-09,526.90
2005-02-10,530.58
2005-02-11,525.28
2005-02-14,523.21
2005-02-15,527.82
2005-02-16,526.43
2005-02-17,524.36
2005-02-18,526.67
2005-02-21,517.68
2005-02-22,514.00
2005-02-23,514.92
2005-02-24,511.24
2005-02-25,492.81
2005-02-28,496.50
2005-03-01,490.97
2005-03-02,488.21
2005-03-03,498.34
2005-03-04,496.50
2005-03-07,457.81
2005-03-08,446.30
2005-03-09,448.14
2005-03-10,446.30
2005-03-11,454.13
2005-03-14,439.39
2005-03-15,440.31
2005-03-16,437.31
2005-03-17,432.94
2005-03-18,432.25
2005-03-21,432.02
2005-03-22,431.10
2005-03-23,423.04
2005-03-24,436.62
2005-03-25,436.62
2005-03-28,436.62
2005-03-29,416.59
2005-03-30,417.05
2005-03-31,417.97
2005-04-01,425.57
2005-04-04,419.12
2005-04-05,419.58
2005-04-06,424.65
2005-04-07,425.57
2005-04-08,424.65
2005-04-11,423.73
2005-04-12,422.81
2005-04-13,430.18
2005-04-14,424.88
2005-04-15,421.88
2005-04-18,414.75
2005-04-19,413.82
2005-04-20,427.41
2005-04-21,423.73
2005-04-22,428.33
2005-04-25,428.79
2005-04-26,426.03
2005-04-27,423.96
2005-04-28,425.34
2005-04-29,425.11
2005-05-02,425.11
2005-05-03,426.49
2005-05-04,425.57
2005-05-05,425.34
2005-05-06,424.88
2005-05-09,425.34
2005-05-10,423.73
2005-05-11,425.57
2005-05-12,424.19
2005-05-13,423.04
2005-05-16,422.12
2005-05-17,423.73
2005-05-18,426.03
2005-05-19,433.86
2005-05-20,438.70
2005-05-23,439.85
2005-05-24,441.46
2005-05-25,442.61
2005-05-26,444.45
2005-05-27,439.39
2005-05-30,439.39
2005-05-31,442.15
2005-06-01,442.15
2005-06-02,442.15
2005-06-03,446.76
2005-06-06,451.36
2005-06-07,450.21
2005-06-08,450.44
2005-06-09,448.60
2005-06-10,449.52
2005-06-13,453.20
2005-06-14,455.51
2005-06-15,456.20
2005-06-16,455.51
2005-06-17,455.05
2005-06-20,452.74
2005-06-21,452.28
2005-06-22,452.28
2005-06-23,451.36
2005-06-24,448.60
2005-06-27,443.99
2005-06-28,443.07
2005-06-29,447.68
2005-06-30,452.74
2005-07-01,453.66
2005-07-04,450.44
2005-07-05,445.37
2005-07-06,450.90
2005-07-07,448.60
2005-07-08,455.05
2005-07-11,454.13
2005-07-12,457.35
2005-07-13,460.80
2005-07-14,461.49
2005-07-15,458.27
2005-07-18,460.57
2005-07-19,461.72
2005-07-20,458.27
2005-07-21,461.49
2005-07-22,464.95
2005-07-25,463.34
2005-07-26,465.18
2005-07-27,468.86
2005-07-28,474.39
2005-07-29,497.65
2005-08-01,496.96
2005-08-02,494.43
2005-08-03,497.42
2005-08-04,507.32
2005-08-05,503.87
2005-08-08,497.42
2005-08-09,500.41
2005-08-10,504.79
2005-08-11,500.18
2005-08-12,508.47
2005-08-15,532.42
2005-08-16,531.96
2005-08-17,527.36
2005-08-18,527.82
2005-08-19,527.82
2005-08-22,525.05
2005-08-23,523.44
2005-08-24,522.29
2005-08-25,525.05
2005-08-26,526.90
2005-08-29,526.90
2005-08-30,525.05
2005-08-31,522.29
2005-09-01,531.04
2005-09-02,527.82
2005-09-05,530.58
2005-09-06,535.19
2005-09-07,534.26
2005-09-08,537.72
2005-09-09,538.41
2005-09-12,540.25
2005-09-13,537.95
2005-09-14,539.79
2005-09-15,536.57
2005-09-16,533.34
2005-09-19,532.88
2005-09-20,531.50
2005-09-21,533.80
2005-09-22,534.26
2005-09-23,533.80
2005-09-26,528.74
2005-09-27,526.90
2005-09-28,523.21
2005-09-29,522.29
2005-09-30,525.05
2005-10-03,525.05
2005-10-04,526.90
2005-10-05,525.05
2005-10-06,532.42
2005-10-07,518.61
2005-10-10,512.62
2005-10-11,505.71
2005-10-12,508.93
2005-10-13,497.42
2005-10-14,491.89
2005-10-17,495.12
2005-10-18,499.26
2005-10-19,490.97
2005-10-20,497.42
2005-10-21,491.89
2005-10-24,517.68
2005-10-25,517.68
2005-10-26,517.22
2005-10-27,520.45
2005-10-28,511.70
2005-10-31,521.83
2005-11-01,525.05
2005-11-02,521.37
2005-11-03,525.51
2005-11-04,525.05
2005-11-07,531.50
2005-11-08,534.26
2005-11-09,533.80
2005-11-10,530.58
2005-11-11,540.25
2005-11-14,554.53
2005-11-15,550.85
2005-11-16,554.53
2005-11-17,552.69
2005-11-18,553.15
2005-11-21,554.53
2005-11-22,556.37
2005-11-23,548.08
2005-11-24,538.87
2005-11-25,545.78
2005-11-28,539.79
2005-11-29,554.53
2005-11-30,552.23
2005-12-01,552.69
2005-12-02,552.69
2005-12-05,557.29
2005-12-06,560.06
2005-12-07,568.81
2005-12-08,563.74
2005-12-09,570.19
2005-12-12,567.43
2005-12-13,566.97
2005-12-14,572.95
2005-12-15,571.11
2005-12-16,568.81
2005-12-19,572.03
2005-12-20,569.73
2005-12-21,567.43
2005-12-22,570.65
2005-12-23,571.11
2005-12-26,571.11
2005-12-27,571.11
2005-12-28,575.26
2005-12-29,571.11
2005-12-30,571.11
2006-01-03,570.19
2006-01-04,573.41
2006-01-05,566.04
2006-01-06,572.03
2006-01-09,574.80
2006-01-10,566.50
2006-01-11,606.11
2006-01-12,613.48
2006-01-13,615.79
2006-01-16,624.54
2006-01-17,614.86
2006-01-18,598.74
2006-01-19,623.16
2006-01-20,635.59
2006-01-23,654.93
2006-01-24,658.62
2006-01-25,642.96
2006-01-26,641.58
2006-01-27,651.25
2006-01-30,673.82
2006-01-31,670.13
2006-02-01,693.62
2006-02-02,702.83
2006-02-03,707.44
2006-02-06,716.65
2006-02-07,709.28
2006-02-08,699.61
2006-02-09,712.97
2006-02-10,709.28
2006-02-13,711.59
2006-02-14,709.28
2006-02-15,700.99
2006-02-16,701.45
2006-02-17,759.02
2006-02-20,764.09
2006-02-21,754.42
2006-02-22,745.21
2006-02-23,769.16
2006-02-24,767.31
2006-02-27,787.58
2006-02-28,787.58
2006-03-01,787.58
2006-03-02,788.50
2006-03-03,791.73
2006-03-06,795.41
2006-03-07,775.14
2006-03-08,778.83
2006-03-09,795.41
2006-03-10,810.61
2006-03-13,1058.40
2006-03-14,1096.16
2006-03-15,1091.56
2006-03-16,1082.35
2006-03-17,1077.74
2006-03-20,1095.24
2006-03-21,1083.73
2006-03-22,1048.26
2006-03-23,1049.65
2006-03-24,1050.11
2006-03-27,1038.13
2006-03-28,1027.08
2006-03-29,1031.68
2006-03-30,961.22
2006-03-31,972.73
2006-04-03,967.20
2006-04-04,976.41
2006-04-05,971.35
2006-04-06,962.60
2006-04-07,954.77
2006-04-10,946.94
2006-04-11,956.61
2006-04-12,1103.99
2006-04-13,1134.85
2006-04-18,1160.18
2006-04-19,1152.35
2006-04-20,1160.18
2006-04-21,1156.96
2006-04-24,1140.38
2006-04-25,1133.01
2006-04-26,1137.62
2006-04-27,1140.38
2006-04-28,1139.46
2006-05-02,1121.50
2006-05-03,1145.91
2006-05-04,1149.59
2006-05-05,1161.10
2006-05-08,1140.84
2006-05-09,1146.37
2006-05-10,1157.42
2006-05-11,1174.46
2006-05-12,1179.07
2006-05-15,1163.41
2006-05-16,1159.72
2006-05-17,1144.06
2006-05-18,1138.54
2006-05-19,1146.83
2006-05-22,1096.16
2006-05-23,1081.43
2006-05-24,1095.24
2006-05-25,993.92
2006-05-26,1050.11
2006-05-30,1029.84
2006-05-31,1018.79
2006-06-01,1033.53
2006-06-02,1051.95
2006-06-05,1052.87
2006-06-06,1031.68
2006-06-07,1027.08
2006-06-08,991.15
2006-06-09,1001.29
2006-06-12,1010.50
2006-06-13,973.65
2006-06-14,958.91
2006-06-15,998.52
2006-06-16,1005.89
2006-06-19,1013.26
2006-06-20,1034.45
2006-06-21,1027.08
2006-06-22,1031.68
2006-06-23,1031.68
2006-06-26,1037.21
2006-06-27,1036.29
2006-06-28,1040.90
2006-06-29,1045.50
2006-06-30,1048.26
2006-07-03,1057.48
2006-07-04,1054.71
2006-07-05,1047.34
2006-07-06,1044.58
2006-07-07,1050.11
2006-07-10,1052.87
2006-07-11,1040.90
2006-07-12,1045.50
2006-07-13,1038.13
2006-07-14,1030.76
2006-07-17,1037.21
2006-07-18,1031.68
2006-07-19,1041.82
2006-07-20,1040.90
2006-07-21,1030.76
2006-07-24,1039.05
2006-07-25,1034.45
2006-07-26,1037.21
2006-07-27,1033.53
2006-07-28,1029.84
2006-07-31,1027.08
2006-08-01,1034.45
2006-08-02,1034.45
2006-08-03,1029.84
2006-08-04,1028.00
2006-08-07,1017.87
2006-08-08,1011.42
2006-08-09,1012.34
2006-08-10,996.68
2006-08-11,1009.58
2006-08-14,1025.24
2006-08-15,1036.29
2006-08-16,1040.90
2006-08-17,1042.74
2006-08-18,1055.63
2006-08-21,1069.45
2006-08-22,1074.06
2006-08-23,1063.00
2006-08-24,1059.32
2006-08-25,1063.00
2006-08-29,1077.74
2006-08-30,1077.74
2006-08-31,1062.08
2006-09-01,1062.08
2006-09-04,1105.38
2006-09-05,1106.30
2006-09-06,1088.79
2006-09-07,1082.35
2006-09-08,1085.11
2006-09-11,1101.69
2006-09-12,1107.22
2006-09-13,1117.35
2006-09-14,1128.40
2006-09-15,1134.85
2006-09-18,1131.17
2006-09-19,1127.48
2006-09-20,1130.25
2006-09-21,1142.22
2006-09-22,1144.98
2006-09-25,1142.22
2006-09-26,1142.22
2006-09-27,1139.46
2006-09-28,1132.09
2006-09-29,1138.54
2006-10-02,1132.09
2006-10-03,1123.80
2006-10-04,1126.56
2006-10-05,1135.77
2006-10-06,1131.17
2006-10-09,1133.01
2006-10-10,1142.22
2006-10-11,1140.38
2006-10-12,1136.69
2006-10-13,1136.69
2006-10-16,1136.69
2006-10-17,1130.25
2006-10-18,1130.25
2006-10-19,1133.93
2006-10-20,1159.72
2006-10-23,1174.46
2006-10-24,1182.75
2006-10-25,1183.67
2006-10-26,1181.83
2006-10-27,1166.17
2006-10-30,1161.57
2006-10-31,1162.49
2006-11-01,1171.70
2006-11-02,1151.43
2006-11-03,1154.20
2006-11-06,1168.01
2006-11-07,1171.70
2006-11-08,1179.07
2006-11-09,1191.04
2006-11-10,1191.96
2006-11-13,1205.78
2006-11-14,1204.86
2006-11-15,1136.69
2006-11-16,1133.01
2006-11-17,1121.96
2006-11-20,1189.20
2006-11-21,1198.41
2006-11-22,1210.39
2006-11-23,1216.83
2006-11-24,1216.83
2006-11-27,1207.62
2006-11-28,1207.62
2006-11-29,1207.62
2006-11-30,1203.02
2006-12-01,1206.70
2006-12-04,1197.49
2006-12-05,1209.46
2006-12-06,1207.62
2006-12-07,1211.31
2006-12-08,1211.31
2006-12-11,1215.91
2006-12-12,1215.91
2006-12-13,1218.68
2006-12-14,1217.76
2006-12-15,1215.91
2006-12-18,1213.15
2006-12-19,1206.70
2006-12-20,1208.54
2006-12-21,1207.62
2006-12-22,null
2006-12-27,1213.15
2006-12-28,1204.86
2006-12-29,null
2007-01-02,1197.49
2007-01-03,1192.88
2007-01-04,1185.52
2007-01-05,1181.83
2007-01-08,1180.91
2007-01-09,1179.07
2007-01-10,1182.75
2007-01-11,1203.94
2007-01-12,1208.54
2007-01-15,1217.76
2007-01-16,1211.31
2007-01-17,1207.62
2007-01-18,1212.23
2007-01-19,1238.94
2007-01-22,1212.23
2007-01-23,1203.02
2007-01-24,1205.78
2007-01-25,1181.83
2007-01-26,1192.88
2007-01-29,1198.41
2007-01-30,1197.49
2007-01-31,1196.57
2007-02-01,1197.49
2007-02-02,1206.70
2007-02-05,1211.31
2007-02-06,1206.70
2007-02-07,1197.49
2007-02-08,1180.91
2007-02-09,1180.91
2007-02-12,1166.17
2007-02-13,1174.46
2007-02-14,1197.49
2007-02-15,1197.49
2007-02-16,1194.73
2007-02-19,1197.49
2007-02-20,1195.65
2007-02-21,1193.81
2007-02-22,1193.81
2007-02-23,1197.49
2007-02-26,1196.57
2007-02-27,1169.86
2007-02-28,1162.49
2007-03-01,1161.57
2007-03-02,1165.25
2007-03-05,1154.20
2007-03-06,1150.51
2007-03-07,1172.62
2007-03-08,1170.78
2007-03-09,1170.78
2007-03-12,1159.72
2007-03-13,1145.91
2007-03-14,1116.43
2007-03-15,1123.80
2007-03-16,1117.35
2007-03-19,1154.20
2007-03-20,1166.17
2007-03-21,1165.25
2007-03-22,1174.46
2007-03-23,1174.46
2007-03-26,1173.54
2007-03-27,1168.01
2007-03-28,1161.57
2007-03-29,1158.80
2007-03-30,1153.28
2007-04-02,1162.49
2007-04-03,1179.99
2007-04-04,1160.64
2007-04-05,1153.28
2007-04-10,1156.04
2007-04-11,1144.98
2007-04-12,1150.51
2007-04-13,1153.28
2007-04-16,1188.28
2007-04-17,1176.30
2007-04-18,1169.86
2007-04-19,1163.41
2007-04-20,1162.49
2007-04-23,1162.49
2007-04-24,1140.38
2007-04-25,1147.75
2007-04-26,1152.35
2007-04-27,1148.67
2007-04-30,1158.80
2007-05-01,1150.51
2007-05-02,1163.41
2007-05-03,1169.86
2007-05-04,1192.88
2007-05-08,1188.28
2007-05-09,1179.07
2007-05-10,1184.59
2007-05-11,1186.44
2007-05-14,1184.59
2007-05-15,1190.12
2007-05-16,1207.62
2007-05-17,1223.28
2007-05-18,1230.65
2007-05-21,1239.86
2007-05-22,1250.00
2007-05-23,1242.63
2007-05-24,1206.70
2007-05-25,1219.60
2007-05-29,1232.49
2007-05-30,1283.16
2007-05-31,1316.32
2007-06-01,1299.74
2007-06-04,1286.84
2007-06-05,1294.21
2007-06-06,1264.73
2007-06-07,1250.00
2007-06-08,1237.10
2007-06-11,1239.86
2007-06-12,1234.34
2007-06-13,1247.23
2007-06-14,1267.50
2007-06-15,1288.68
2007-06-18,1282.24
2007-06-19,1277.63
2007-06-20,1258.29
2007-06-21,1246.31
2007-06-22,1248.15
2007-06-25,1235.26
2007-06-26,1217.76
2007-06-27,1220.52
2007-06-28,1220.52
2007-06-29,1248.15
2007-07-02,1249.07
2007-07-03,1257.36
2007-07-04,1255.52
2007-07-05,1236.18
2007-07-06,1273.95
2007-07-09,1271.18
2007-07-10,1255.52
2007-07-11,1258.29
2007-07-12,1279.47
2007-07-13,1280.39
2007-07-16,1299.74
2007-07-17,1274.87
2007-07-18,1296.97
2007-07-19,1298.82
2007-07-20,1308.03
2007-07-23,1309.87
2007-07-24,1285.00
2007-07-25,1270.26
2007-07-26,1231.57
2007-07-27,1231.57
2007-07-30,1228.81
2007-07-31,1246.31
2007-08-01,1225.12
2007-08-02,1266.58
2007-08-03,1265.65
2007-08-06,1257.36
2007-08-07,1283.16
2007-08-08,1326.45
2007-08-09,1308.95
2007-08-10,1271.18
2007-08-13,1273.02
2007-08-14,1260.13
2007-08-15,1230.65
2007-08-16,1150.51
2007-08-17,1169.86
2007-08-20,1198.41
2007-08-21,1205.78
2007-08-22,1228.81
2007-08-23,1207.62
2007-08-24,1209.46
2007-08-28,1238.02
2007-08-29,1248.15
2007-08-30,1234.34
2007-08-31,1258.29
2007-09-03,1266.58
2007-09-04,1297.89
2007-09-05,1271.18
2007-09-06,1280.39
2007-09-07,1243.55
2007-09-10,1235.26
2007-09-11,1288.68
2007-09-12,1290.53
2007-09-13,1289.60
2007-09-14,1286.84
2007-09-17,1281.31
2007-09-18,1299.74
2007-09-19,1338.43
2007-09-20,1553.97
2007-09-21,1658.06
2007-09-24,1637.80
2007-09-25,1586.21
2007-09-26,1610.16
2007-09-27,1588.98
2007-09-28,1513.44
2007-10-01,1533.71
2007-10-02,1519.89
2007-10-03,1545.68
2007-10-04,1577.00
2007-10-05,1542.00
2007-10-08,1576.08
2007-10-09,1576.08
2007-10-10,1577.00
2007-10-11,1582.53
2007-10-12,1567.79
2007-10-15,1565.95
2007-10-16,1565.95
2007-10-17,1599.11
2007-10-18,1581.61
2007-10-19,1568.71
2007-10-22,1486.73
2007-10-23,1500.55
2007-10-24,1465.54
2007-10-25,1507.00
2007-10-26,1518.97
2007-10-29,1506.07
2007-10-30,1510.68
2007-10-31,1547.53
2007-11-01,1546.60
2007-11-02,1537.39
2007-11-05,1529.10
2007-11-06,1575.16
2007-11-07,1572.40
2007-11-08,1616.61
2007-11-09,1618.45
2007-11-12,1623.98
2007-11-13,1678.33
2007-11-14,1707.81
2007-11-15,1733.60
2007-11-16,1724.39
2007-11-19,1667.27
2007-11-20,1737.28
2007-11-21,1601.87
2007-11-22,1601.87
2007-11-23,1647.93
2007-11-26,1627.67
2007-11-27,1602.79
2007-11-28,1648.85
2007-11-29,1630.43
2007-11-30,1639.64
2007-12-03,1658.06
2007-12-04,1649.77
2007-12-05,1660.83
2007-12-06,1722.54
2007-12-07,1697.67
2007-12-10,1705.04
2007-12-11,1716.10
2007-12-12,1748.34
2007-12-13,1665.43
2007-12-14,1691.22
2007-12-17,1664.51
2007-12-18,1708.73
2007-12-19,1728.07
2007-12-20,1760.31
2007-12-21,1778.73
2007-12-24,null
2007-12-27,1792.55
2007-12-28,1801.76
2007-12-31,null
2008-01-02,1821.11
2008-01-03,1822.95
2008-01-04,1707.81
2008-01-07,1669.12
2008-01-08,1701.36
2008-01-09,1704.12
2008-01-10,1695.83
2008-01-11,1674.64
2008-01-14,1617.53
2008-01-15,1576.08
2008-01-16,1486.73
2008-01-17,1461.86
2008-01-18,1519.89
2008-01-21,1454.49
2008-01-22,1521.73
2008-01-23,1453.57
2008-01-24,1612.93
2008-01-25,1594.50
2008-01-28,1628.59
2008-01-29,1611.08
2008-01-30,1565.95
2008-01-31,1557.66
2008-02-01,1604.64
2008-02-04,1594.50
2008-02-05,1593.58
2008-02-06,1610.16
2008-02-07,1549.37
2008-02-08,1590.82
2008-02-11,1566.87
2008-02-12,1595.43
2008-02-13,1577.92
2008-02-14,1561.34
2008-02-15,1517.13
2008-02-18,1539.24
2008-02-19,1440.67
2008-02-20,1434.22
2008-02-21,1413.96
2008-02-22,1376.19
2008-02-25,1400.14
2008-02-26,1390.93
2008-02-27,1349.48
2008-02-28,1274.87
2008-02-29,1251.84
2008-03-03,1213.15
2008-03-04,1237.10
2008-03-05,1241.70
2008-03-06,1199.33
2008-03-07,1250.00
2008-03-10,1210.39
2008-03-11,1213.15
2008-03-12,1219.60
2008-03-13,1177.22
2008-03-14,1134.85
2008-03-17,1036.29
2008-03-18,1107.22
2008-03-19,1064.84
2008-03-20,1037.21
2008-03-25,1116.43
2008-03-26,1158.80
2008-03-27,1150.51
2008-03-28,1159.72
2008-03-31,1112.74
2008-04-01,1180.91
2008-04-02,1227.89
2008-04-03,1181.83
2008-04-04,1225.12
2008-04-07,1273.95
2008-04-08,1216.83
2008-04-09,1190.12
2008-04-10,1147.75
2008-04-11,1145.91
2008-04-14,1104.45
2008-04-15,1100.77
2008-04-16,1112.74
2008-04-17,1116.43
2008-04-18,1100.77
2008-04-21,1089.72
2008-04-22,1061.16
2008-04-23,1030.76
2008-04-24,1016.95
2008-04-25,1053.79
2008-04-28,1018.79
2008-04-29,986.55
2008-04-30,992.07
2008-05-01,983.78
2008-05-02,1013.26
2008-05-06,974.57
2008-05-07,982.86
2008-05-08,1001.29
2008-05-09,979.18
2008-05-12,981.02
2008-05-13,952.47
2008-05-14,995.76
2008-05-15,1002.21
2008-05-16,1052.87
2008-05-19,1077.74
2008-05-20,1008.66
2008-05-21,1002.21
2008-05-22,956.15
2008-05-23,938.65
2008-05-27,966.28
2008-05-28,954.31
2008-05-29,939.57
2008-05-30,946.02
2008-06-02,882.92
2008-06-03,885.68
2008-06-04,846.07
2008-06-05,853.44
2008-06-06,841.93
2008-06-09,821.20
2008-06-10,841.93
2008-06-11,812.45
2008-06-12,830.87
2008-06-13,810.61
2008-06-16,829.03
2008-06-17,858.51
2008-06-18,797.71
2008-06-19,797.71
2008-06-20,810.61
2008-06-23,800.48
2008-06-24,768.70
2008-06-25,876.93
2008-06-26,763.17
2008-06-27,741.98
2008-06-30,718.49
2008-07-01,678.42
2008-07-02,657.70
2008-07-03,648.95
2008-07-04,641.58
2008-07-07,665.07
2008-07-08,618.09
2008-07-09,681.65
2008-07-10,657.24
2008-07-11,642.50
2008-07-14,650.33
2008-07-15,652.63
2008-07-16,647.57
2008-07-17,681.65
2008-07-18,720.34
2008-07-21,736.46
2008-07-22,722.18
2008-07-23,759.48
2008-07-24,782.05
2008-07-25,750.73
2008-07-28,747.05
2008-07-29,739.22
2008-07-30,762.71
2008-07-31,765.47
2008-08-01,751.66
2008-08-04,757.18
2008-08-05,811.53
2008-08-06,847.45
2008-08-07,841.01
2008-08-08,863.11
2008-08-11,891.67
2008-08-12,829.03
2008-08-13,748.89
2008-08-14,734.15
2008-08-15,739.68
2008-08-18,704.68
2008-08-19,683.03
2008-08-20,678.42
2008-08-21,665.53
2008-08-22,694.08
2008-08-26,675.66
2008-08-27,700.07
2008-08-28,701.91
2008-08-29,730.47
2008-09-01,711.59
2008-09-02,746.59
2008-09-03,727.71
2008-09-04,707.90
2008-09-05,698.69
2008-09-08,736.92
2008-09-09,741.06
2008-09-10,730.01
2008-09-11,721.26
2008-09-12,716.65
2008-09-15,677.96
2008-09-16,700.07
2008-09-17,674.74
2008-09-18,727.71
2008-09-19,835.94
2008-09-22,794.95
2008-09-23,759.02
2008-09-24,812.91
2008-09-25,768.24
2008-09-26,763.63
2008-09-29,728.63
2008-09-30,794.95
2008-10-01,816.60
2008-10-02,790.34
2008-10-03,767.78
2008-10-06,716.65
2008-10-07,750.27
2008-10-08,656.32
2008-10-09,615.33
2008-10-10,540.25
2008-10-13,601.51
2008-10-14,609.34
2008-10-15,550.85
2008-10-16,508.47
2008-10-17,513.54
2008-10-20,537.95
2008-10-21,539.33
2008-10-22,484.98
2008-10-23,483.14
2008-10-24,439.85
2008-10-27,448.60
2008-10-28,425.11
2008-10-29,474.39
2008-10-30,490.97
2008-10-31,514.46
2008-11-03,516.76
2008-11-04,604.27
2008-11-05,602.89
2008-11-06,564.20
2008-11-07,554.99
2008-11-10,611.64
2008-11-11,563.74
2008-11-12,533.80
2008-11-13,478.54
2008-11-14,481.30
2008-11-17,474.85
2008-11-18,484.98
2008-11-19,459.65
2008-11-20,458.27
2008-11-21,463.34
2008-11-24,507.09
2008-11-25,552.69
2008-11-26,561.90
2008-11-27,563.28
2008-11-28,560.98
2008-12-01,543.48
2008-12-02,537.49
2008-12-03,513.08
2008-12-04,502.02
2008-12-05,489.59
2008-12-08,528.28
2008-12-09,557.29
2008-12-10,551.77
2008-12-11,570.19
2008-12-12,565.58
2008-12-15,551.31
2008-12-16,527.36
2008-12-17,532.88
2008-12-18,524.59
2008-12-19,522.29
2008-12-22,477.15
2008-12-23,476.69
2008-12-24,null
2008-12-29,476.69
2008-12-30,488.21
2008-12-31,null
2009-01-02,492.81
2009-01-05,520.45
2009-01-06,558.21
2009-01-07,525.05
2009-01-08,546.70
2009-01-09,523.21
2009-01-12,519.53
2009-01-13,515.84
2009-01-14,483.14
2009-01-15,496.04
2009-01-16,485.90
2009-01-19,473.47
2009-01-20,426.95
2009-01-21,454.36
2009-01-22,453.66
2009-01-23,466.10
2009-01-26,442.15
2009-01-27,452.51
2009-01-28,469.78
2009-01-29,449.29
2009-01-30,443.30
2009-02-02,419.58
2009-02-03,389.18
2009-02-04,415.21
2009-02-05,408.07
2009-02-06,420.73
2009-02-09,436.62
2009-02-10,428.79
2009-02-11,437.08
2009-02-12,432.94
2009-02-13,449.52
2009-02-16,431.56
2009-02-17,429.71
2009-02-18,428.33
2009-02-19,418.89
2009-02-20,403.23
2009-02-23,395.40
2009-02-24,394.25
2009-02-25,409.91
2009-02-26,433.17
2009-02-27,400.01
2009-03-02,378.82
2009-03-03,361.32
2009-03-04,380.43
2009-03-05,368.46
2009-03-06,372.37
2009-03-09,340.82
2009-03-10,370.53
2009-03-11,367.77
2009-03-12,363.16
2009-03-13,378.82
2009-03-16,412.90
2009-03-17,419.35
2009-03-18,422.81
2009-03-19,478.54
2009-03-20,465.64
2009-03-23,479.92
2009-03-24,497.42
2009-03-25,479.00
2009-03-26,504.79
2009-03-27,504.79
2009-03-30,498.34
2009-03-31,520.91
2009-04-01,513.08
2009-04-02,558.68
2009-04-03,563.74
2009-04-06,556.37
2009-04-07,507.55
2009-04-08,513.54
2009-04-09,533.34
2009-04-14,581.24
2009-04-15,579.40
2009-04-16,623.62
2009-04-17,634.67
2009-04-20,607.96
2009-04-21,592.30
2009-04-22,619.47
2009-04-23,635.59
2009-04-24,652.63
2009-04-27,653.09
2009-04-28,647.11
2009-04-29,662.76
2009-04-30,689.94
2009-05-01,687.17
2009-05-05,705.60
2009-05-06,703.76
2009-05-07,690.40
2009-05-08,681.19
2009-05-11,651.25
2009-05-12,646.64
2009-05-13,627.30
2009-05-14,612.56
2009-05-15,621.77
2009-05-18,625.92
2009-05-19,644.80
2009-05-20,642.96
2009-05-21,631.91
2009-05-22,629.60
2009-05-26,633.75
2009-05-27,643.88
2009-05-28,628.22
2009-05-29,635.13
2009-06-01,671.05
2009-06-02,686.25
2009-06-03,697.31
2009-06-04,710.66
2009-06-05,747.51
2009-06-08,710.20
2009-06-09,717.11
2009-06-10,712.51
2009-06-11,707.44
2009-06-12,681.19
2009-06-15,665.07
2009-06-16,664.61
2009-06-17,651.25
2009-06-18,643.88
2009-06-19,651.71
2009-06-22,625.00
2009-06-23,628.22
2009-06-24,633.29
2009-06-25,640.66
2009-06-26,633.29
2009-06-29,644.80
2009-06-30,647.11
2009-07-01,646.64
2009-07-02,611.18
2009-07-03,619.47
2009-07-06,600.59
2009-07-07,589.07
2009-07-08,569.73
2009-07-09,568.81
2009-07-10,569.73
2009-07-13,584.47
2009-07-14,601.05
2009-07-15,622.69
2009-07-16,627.76
2009-07-17,629.14
2009-07-20,634.67
2009-07-21,628.68
2009-07-22,619.01
2009-07-23,608.88
2009-07-24,635.13
2009-07-27,640.66
2009-07-28,628.68
2009-07-29,646.18
2009-07-30,660.92
2009-07-31,655.86
2009-08-03,683.95
2009-08-04,679.35
2009-08-05,678.88
2009-08-06,679.35
2009-08-07,677.04
2009-08-10,677.04
2009-08-11,667.83
2009-08-12,677.04
2009-08-13,692.24
2009-08-14,707.90
2009-08-17,673.82
2009-08-18,687.17
2009-08-19,692.70
2009-08-20,721.72
2009-08-21,723.56
2009-08-24,761.79
2009-08-25,750.27
2009-08-26,735.54
2009-08-27,736.00
2009-08-28,741.98
2009-09-01,732.31
2009-09-02,726.78
2009-09-03,717.11
2009-09-04,730.93
2009-09-07,734.61
2009-09-08,737.38
2009-09-09,740.60
2009-09-10,741.52
2009-09-11,746.59
2009-09-14,740.14
2009-09-15,744.29
2009-09-16,792.65
2009-09-17,809.23
2009-09-18,810.61
2009-09-21,796.79
2009-09-22,803.24
2009-09-23,810.15
2009-09-24,785.28
2009-09-25,773.30
2009-09-28,770.08
2009-09-29,776.07
2009-09-30,788.50
2009-10-01,784.82
2009-10-02,762.71
2009-10-05,770.54
2009-10-06,803.70
2009-10-07,798.17
2009-10-08,806.00
2009-10-09,793.11
2009-10-12,816.60
2009-10-13,815.21
2009-10-14,824.89
2009-10-15,843.31
2009-10-16,836.40
2009-10-19,866.80
2009-10-20,860.81
2009-10-21,841.93
2009-10-22,822.12
2009-10-23,810.61
2009-10-26,810.15
2009-10-27,786.66
2009-10-28,762.71
2009-10-29,778.37
2009-10-30,783.90
2009-11-02,797.71
2009-11-03,791.26
2009-11-04,805.08
2009-11-05,810.61
2009-11-06,826.73
2009-11-09,844.69
2009-11-10,833.64
2009-11-11,839.16
2009-11-12,829.03
2009-11-13,814.75
2009-11-16,815.21
2009-11-17,805.08
2009-11-18,798.63
2009-11-19,786.20
2009-11-20,777.91
2009-11-23,788.96
2009-11-24,780.21
2009-11-25,750.27
2009-11-26,695.00
2009-11-27,714.81
2009-11-30,693.16
2009-12-01,704.68
2009-12-02,686.71
2009-12-03,695.47
2009-12-04,693.16
2009-12-07,681.65
2009-12-08,660.00
2009-12-09,656.78
2009-12-10,657.24
2009-12-11,639.74
2009-12-14,703.30
2009-12-15,692.70
2009-12-16,685.33
2009-12-17,665.53
2009-12-18,660.92
2009-12-21,650.33
2009-12-22,662.30
2009-12-23,660.00
2009-12-24,null
2009-12-29,664.15
2009-12-30,653.09
2009-12-31,null
2010-01-04,660.46
2010-01-05,663.23
2010-01-06,660.00
2010-01-07,666.45
2010-01-08,651.71
2010-01-11,656.78
2010-01-12,641.12
2010-01-13,626.38
2010-01-14,639.74
2010-01-15,630.99
2010-01-18,639.74
2010-01-19,644.34
2010-01-20,641.12
2010-01-21,639.74
2010-01-22,612.10
2010-01-25,609.34
2010-01-26,601.51
2010-01-27,585.39
2010-01-28,586.31
2010-01-29,590.92
2010-02-01,591.84
2010-02-02,597.82
2010-02-03,603.35
2010-02-04,598.28
2010-02-05,580.78
2010-02-08,589.53
2010-02-09,589.07
2010-02-10,603.81
2010-02-11,589.53
2010-02-12,590.45
2010-02-15,585.39
2010-02-16,597.36
2010-02-17,604.27
2010-02-18,610.72
2010-02-19,612.56
2010-02-22,610.72
2010-02-23,603.35
2010-02-24,608.88
2010-02-25,604.73
2010-02-26,612.56
2010-03-01,626.38
2010-03-02,635.13
2010-03-03,633.29
2010-03-04,641.12
2010-03-05,651.71
2010-03-08,654.47
2010-03-09,652.17
2010-03-10,668.29
2010-03-11,671.98
2010-03-12,676.58
2010-03-15,670.59
2010-03-16,675.66
2010-03-17,677.04
2010-03-18,681.19
2010-03-19,681.65
2010-03-22,677.50
2010-03-23,676.58
2010-03-24,682.11
2010-03-25,681.19
2010-03-26,677.96
2010-03-29,672.44
2010-03-30,665.53
2010-03-31,654.47
2010-04-01,675.66
2010-04-06,678.42
2010-04-07,673.36
2010-04-08,683.49
2010-04-09,688.56
2010-04-12,696.85
2010-04-13,697.77
2010-04-14,705.14
2010-04-15,707.44
2010-04-16,695.47
2010-04-19,690.40
2010-04-20,689.48
2010-04-21,676.58
2010-04-22,669.21
2010-04-23,666.91
2010-04-26,665.53
2010-04-27,646.64
2010-04-28,630.52
2010-04-29,640.66
2010-04-30,630.99
2010-05-04,612.10
2010-05-05,603.81
2010-05-06,592.30
2010-05-07,578.48
2010-05-10,601.97
2010-05-11,591.38
2010-05-12,599.67
2010-05-13,606.11
2010-05-14,585.85
2010-05-17,598.28
2010-05-18,619.01
2010-05-19,601.51
2010-05-20,598.74
2010-05-21,592.76
2010-05-24,591.84
2010-05-25,560.52
2010-05-26,569.73
2010-05-27,589.53
2010-05-28,591.38
2010-06-01,588.15
2010-06-02,586.77
2010-06-03,591.38
2010-06-04,572.03
2010-06-07,563.28
2010-06-08,551.31
2010-06-09,547.16
2010-06-10,553.15
2010-06-11,569.73
2010-06-14,580.78
2010-06-15,588.61
2010-06-16,589.07
2010-06-17,589.07
2010-06-18,584.93
2010-06-21,595.98
2010-06-22,589.53
2010-06-23,562.36
2010-06-24,552.23
2010-06-25,554.53
2010-06-28,554.53
2010-06-29,527.82
2010-06-30,519.07
2010-07-01,501.10
2010-07-02,507.09
2010-07-05,504.79
2010-07-06,529.66
2010-07-07,528.74
2010-07-08,539.79
2010-07-09,549.92
2010-07-12,547.62
2010-07-13,556.83
2010-07-14,577.10
2010-07-15,573.41
2010-07-16,573.87
2010-07-19,582.62
2010-07-20,575.72
2010-07-21,568.35
2010-07-22,578.02
2010-07-23,576.18
2010-07-26,578.94
2010-07-27,607.50
2010-07-28,608.88
2010-07-29,606.11
2010-07-30,595.98
2010-08-02,611.18
2010-08-03,619.93
2010-08-04,613.48
2010-08-05,613.94
2010-08-06,604.27
2010-08-09,612.10
2010-08-10,606.11
2010-08-11,606.57
2010-08-12,598.74
2010-08-13,599.67
2010-08-16,600.59
2010-08-17,609.80
2010-08-18,605.65
2010-08-19,597.36
2010-08-20,597.36
2010-08-23,604.73
2010-08-24,597.36
2010-08-25,590.92
2010-08-26,589.53
2010-08-27,605.65
2010-08-31,608.42
2010-09-01,629.14
2010-09-02,644.80
2010-09-03,644.80
2010-09-06,639.74
2010-09-07,627.76
2010-09-08,632.83
2010-09-09,642.04
2010-09-10,653.09
2010-09-13,644.80
2010-09-14,634.67
2010-09-15,636.97
2010-09-16,631.91
2010-09-17,622.69
2010-09-20,638.35
2010-09-21,639.74
2010-09-22,632.37
2010-09-23,634.67
2010-09-24,647.11
2010-09-27,650.79
2010-09-28,643.88
2010-09-29,638.81
2010-09-30,627.30
2010-10-01,630.52
2010-10-04,621.77
2010-10-05,624.54
2010-10-06,625.92
2010-10-07,630.06
2010-10-08,625.46
2010-10-11,627.76
2010-10-12,627.30
2010-10-13,648.49
2010-10-14,644.80
2010-10-15,635.13
2010-10-18,643.42
2010-10-19,631.45
2010-10-20,631.91
2010-10-21,642.04
2010-10-22,649.41
2010-10-25,681.65
2010-10-26,677.50
2010-10-27,667.83
2010-10-28,661.84
2010-10-29,676.12
2010-11-01,683.95
2010-11-02,684.87
2010-11-03,684.87
2010-11-04,690.86
2010-11-05,691.32
2010-11-08,689.48
2010-11-09,691.32
2010-11-10,678.88
2010-11-11,677.04
2010-11-12,677.04
2010-11-15,682.11
2010-11-16,675.66
2010-11-17,660.46
2010-11-18,688.56
2010-11-19,697.31
2010-11-22,695.47
2010-11-23,693.16
2010-11-24,709.28
2010-11-25,732.77
2010-11-26,716.65
2010-11-29,715.73
2010-11-30,698.69
2010-12-01,706.52
2010-12-02,735.07
2010-12-03,727.24
2010-12-06,724.48
2010-12-07,736.46
2010-12-08,729.55
2010-12-09,748.43
2010-12-10,743.36
2010-12-13,741.98
2010-12-14,743.36
2010-12-15,742.90
2010-12-16,729.09
2010-12-17,758.10
2010-12-20,772.38
2010-12-21,773.76
2010-12-22,785.28
2010-12-23,784.36
2010-12-24,773.76
2010-12-29,778.37
2010-12-30,776.07
2010-12-31,771.92
2011-01-04,784.82
2011-01-05,799.55
2011-01-06,800.94
2011-01-07,820.74
2011-01-10,794.49
2011-01-11,834.56
2011-01-12,821.20
2011-01-13,809.23
2011-01-14,811.99
2011-01-17,811.07
2011-01-18,800.02
2011-01-19,787.58
2011-01-20,773.30
2011-01-21,780.21
2011-01-24,800.94
2011-01-25,798.17
2011-01-26,799.09
2011-01-27,804.16
2011-01-28,795.41
2011-01-31,779.29
2011-02-01,810.15
2011-02-02,815.67
2011-02-03,803.24
2011-02-04,808.31
2011-02-07,814.29
2011-02-08,821.66
2011-02-09,847.45
2011-02-10,835.94
2011-02-11,859.43
2011-02-14,856.67
2011-02-15,829.03
2011-02-16,847.45
2011-02-17,847.91
2011-02-18,846.53
2011-02-21,833.18
2011-02-22,832.72
2011-02-23,825.81
2011-02-24,822.58
2011-02-25,822.12
2011-02-28,829.03
2011-03-01,825.35
2011-03-02,815.21
2011-03-03,823.50
2011-03-04,819.36
2011-03-07,811.07
2011-03-08,811.07
2011-03-09,800.48
2011-03-10,778.37
2011-03-11,780.21
2011-03-14,775.61
2011-03-15,762.71
2011-03-16,756.72
2011-03-17,763.63
2011-03-18,773.30
2011-03-21,781.59
2011-03-22,765.93
2011-03-23,770.08
2011-03-24,785.74
2011-03-25,791.73
2011-03-28,783.43
2011-03-29,776.07
2011-03-30,771.92
2011-03-31,766.85
2011-04-01,788.04
2011-04-04,789.88
2011-04-05,793.11
2011-04-06,800.48
2011-04-07,794.95
2011-04-08,802.32
2011-04-11,810.61
2011-04-12,809.69
2011-04-13,803.70
2011-04-14,798.17
2011-04-15,801.86
2011-04-18,790.34
2011-04-19,797.25
2011-04-20,803.70
2011-04-21,802.32
2011-04-26,805.08
2011-04-27,806.92
2011-04-28,802.78
2011-04-29,802.78
2011-05-03,800.02
2011-05-04,792.65
2011-05-05,778.83
2011-05-06,770.08
2011-05-09,760.87
2011-05-10,762.25
2011-05-11,765.93
2011-05-12,754.42
2011-05-13,762.25
2011-05-16,814.29
2011-05-17,809.69
2011-05-18,815.67
2011-05-19,840.09
2011-05-20,826.27
2011-05-23,818.90
2011-05-24,836.40
2011-05-25,856.67
2011-05-26,874.17
2011-05-27,911.93
2011-05-31,903.18
2011-06-01,904.10
2011-06-02,894.43
2011-06-03,895.35
2011-06-06,892.13
2011-06-07,884.30
2011-06-08,870.48
2011-06-09,870.48
2011-06-10,869.10
2011-06-13,874.17
2011-06-14,892.13
2011-06-15,879.69
2011-06-16,865.42
2011-06-17,874.17
2011-06-20,865.88
2011-06-21,882.00
2011-06-22,882.00
2011-06-23,881.08
2011-06-24,872.79
2011-06-27,863.11
2011-06-28,853.90
2011-06-29,880.62
2011-06-30,977.34
2011-07-01,951.54
2011-07-04,975.49
2011-07-05,978.26
2011-07-06,981.02
2011-07-07,991.15
2011-07-08,967.20
2011-07-11,933.12
2011-07-12,922.99
2011-07-13,927.59
2011-07-14,914.70
2011-07-15,910.09
2011-07-18,887.52
2011-07-19,917.92
2011-07-20,948.78
2011-07-21,943.25
2011-07-22,973.65
2011-07-25,961.68
2011-07-26,962.60
2011-07-27,922.99
2011-07-28,921.15
2011-07-29,918.38
2011-08-01,913.78
2011-08-02,888.91
2011-08-03,880.62
2011-08-04,846.53
2011-08-05,809.69
2011-08-08,768.24
2011-08-09,774.68
2011-08-10,747.51
2011-08-11,771.00
2011-08-12,791.73
2011-08-15,796.79
2011-08-16,801.86
2011-08-17,779.29
2011-08-18,740.60
2011-08-19,726.78
2011-08-22,727.71
2011-08-23,741.52
2011-08-24,766.39
2011-08-25,773.30
2011-08-26,781.59
2011-08-30,815.21
2011-08-31,847.91
2011-09-01,858.97
2011-09-02,839.16
2011-09-05,806.46
2011-09-06,792.19
2011-09-07,806.92
2011-09-08,813.83
2011-09-09,790.34
2011-09-12,770.54
2011-09-13,764.55
2011-09-14,780.21
2011-09-15,800.94
2011-09-16,802.32
2011-09-19,777.91
2011-09-20,794.03
2011-09-21,784.36
2011-09-22,749.35
2011-09-23,771.00
2011-09-26,761.79
2011-09-27,776.07
2011-09-28,773.76
2011-09-29,765.01
2011-09-30,750.73
2011-10-03,748.89
2011-10-04,711.59
2011-10-05,724.02
2011-10-06,740.14
2011-10-07,762.25
2011-10-10,784.36
2011-10-11,800.02
2011-10-12,812.45
2011-10-13,826.73
2011-10-14,850.68
2011-10-17,825.81
2011-10-18,820.28
2011-10-19,815.21
2011-10-20,784.82
2011-10-21,812.45
2011-10-24,830.87
2011-10-25,835.02
2011-10-26,844.23
2011-10-27,840.09
2011-10-28,840.09
2011-10-31,829.03
2011-11-01,785.74
2011-11-02,792.19
2011-11-03,809.69
2011-11-04,804.16
2011-11-07,826.27
2011-11-08,839.16
2011-11-09,787.12
2011-11-10,779.75
2011-11-11,801.86
2011-11-14,795.41
2011-11-15,764.55
2011-11-16,769.16
2011-11-17,753.50
2011-11-18,749.81
2011-11-21,726.78
2011-11-22,727.24
2011-11-23,725.86
2011-11-24,736.92
2011-11-25,743.36
2011-11-28,769.16
2011-11-29,768.70
2011-11-30,792.65
2011-12-01,785.28
2011-12-02,783.90
2011-12-05,786.66
2011-12-06,792.19
2011-12-07,767.31
2011-12-08,753.96
2011-12-09,755.34
2011-12-12,718.49
2011-12-13,708.36
2011-12-14,696.85
2011-12-15,713.43
2011-12-16,714.81
2011-12-19,715.73
2011-12-20,727.71
2011-12-21,718.95
2011-12-22,721.26
2011-12-23,724.02
2011-12-28,724.02
2011-12-29,731.85
2011-12-30,732.31
2012-01-03,748.43
2012-01-04,746.13
2012-01-05,722.18
2012-01-06,719.42
2012-01-09,718.03
2012-01-10,737.84
2012-01-11,747.97
2012-01-12,780.67
2012-01-13,786.20
2012-01-16,775.14
2012-01-17,780.67
2012-01-18,794.95
2012-01-19,813.83
2012-01-20,810.61
2012-01-23,828.57
2012-01-24,805.08
2012-01-25,799.09
2012-01-26,811.99
2012-01-27,796.79
2012-01-30,791.73
2012-01-31,801.40
2012-02-01,844.69
2012-02-02,850.68
2012-02-03,872.33
2012-02-06,870.02
2012-02-07,864.50
2012-02-08,862.65
2012-02-09,861.73
2012-02-10,851.14
2012-02-13,865.88
2012-02-14,867.72
2012-02-15,884.76
2012-02-16,868.18
2012-02-17,860.81
2012-02-20,875.09
2012-02-21,867.72
2012-02-22,861.73
2012-02-23,866.34
2012-02-24,864.50
2012-02-27,847.45
2012-02-28,850.68
2012-02-29,830.87
2012-03-01,832.26
2012-03-02,841.93
2012-03-05,833.64
2012-03-06,810.61
2012-03-07,813.83
2012-03-08,827.19
2012-03-09,879.69
2012-03-12,887.52
2012-03-13,918.38
2012-03-14,922.07
2012-03-15,919.76
2012-03-16,934.04
2012-03-19,930.36
2012-03-20,915.62
2012-03-21,927.59
2012-03-22,925.75
2012-03-23,929.44
2012-03-26,942.33
2012-03-27,939.57
2012-03-28,934.96
2012-03-29,937.73
2012-03-30,952.47
2012-04-02,968.12
2012-04-03,976.41
2012-04-04,969.05
2012-04-05,975.49
2012-04-10,942.33
2012-04-11,953.39
2012-04-12,969.97
2012-04-13,953.39
2012-04-16,963.52
2012-04-17,983.78
2012-04-18,1006.81
2012-04-19,991.15
2012-04-20,996.68
2012-04-23,978.26
2012-04-24,987.47
2012-04-25,984.71
2012-04-26,992.07
2012-04-27,996.68
2012-04-30,1002.21
2012-05-01,990.23
2012-05-02,962.60
2012-05-03,969.97
2012-05-04,944.17
2012-05-08,913.78
2012-05-09,906.87
2012-05-10,952.47
2012-05-11,946.94
2012-05-14,925.75
2012-05-15,918.84
2012-05-16,911.47
2012-05-17,888.45
2012-05-18,913.78
2012-05-21,920.22
2012-05-22,940.49
2012-05-23,872.33
2012-05-24,885.68
2012-05-25,887.98
2012-05-29,904.57
2012-05-30,902.72
2012-05-31,921.15
2012-06-01,888.91
2012-06-06,896.74
2012-06-07,895.35
2012-06-08,900.42
2012-06-11,887.06
2012-06-12,896.74
2012-06-13,906.87
2012-06-14,906.41
2012-06-15,905.49
2012-06-18,896.74
2012-06-19,906.87
2012-06-20,926.67
2012-06-21,920.69
2012-06-22,907.79
2012-06-25,899.04
2012-06-26,892.13
2012-06-27,900.88
2012-06-28,885.22
2012-06-29,924.83
2012-07-02,943.25
2012-07-03,940.49
2012-07-04,943.25
2012-07-05,927.59
2012-07-06,920.22
2012-07-09,913.78
2012-07-10,926.67
2012-07-11,926.67
2012-07-12,925.75
2012-07-13,945.10
2012-07-16,937.73
2012-07-17,933.12
2012-07-18,922.99
2012-07-19,942.33
2012-07-20,927.59
2012-07-23,891.67
2012-07-24,872.79
2012-07-25,865.88
2012-07-26,886.60
2012-07-27,903.18
2012-07-30,904.10
2012-07-31,893.05
2012-08-01,891.67
2012-08-02,868.18
2012-08-03,886.60
2012-08-06,917.00
2012-08-07,914.24
2012-08-08,915.16
2012-08-09,926.67
2012-08-10,924.83
2012-08-13,927.59
2012-08-14,938.65
2012-08-15,929.44
2012-08-16,940.49
2012-08-17,957.99
2012-08-20,933.12
2012-08-21,928.52
2012-08-22,921.15
2012-08-23,915.62
2012-08-24,904.57
2012-08-28,896.74
2012-08-29,896.74
2012-08-30,907.33
2012-08-31,915.16
2012-09-03,907.79
2012-09-04,908.71
2012-09-05,898.58
2012-09-06,914.70
2012-09-07,938.65
2012-09-10,935.88
2012-09-11,948.78
2012-09-12,961.68
2012-09-13,969.05
2012-09-14,1017.87
2012-09-17,1010.50
2012-09-18,992.07
2012-09-19,1002.21
2012-09-20,985.63
2012-09-21,992.07
2012-09-24,989.31
2012-09-25,976.41
2012-09-26,954.31
2012-09-27,944.17
2012-09-28,868.64
2012-10-01,859.43
2012-10-02,881.08
2012-10-03,902.72
2012-10-04,895.81
2012-10-05,907.33
2012-10-08,899.50
2012-10-09,883.84
2012-10-10,871.86
2012-10-11,868.18
2012-10-12,858.97
2012-10-15,881.54
2012-10-16,910.09
2012-10-17,921.15
2012-10-18,925.75
2012-10-19,922.99
2012-10-22,908.71
2012-10-23,899.96
2012-10-24,892.13
2012-10-25,900.88
2012-10-26,892.13
2012-10-29,891.21
2012-10-30,899.50
2012-10-31,898.58
2012-11-01,896.28
2012-11-02,887.06
2012-11-05,888.45
2012-11-06,894.43
2012-11-07,886.60
2012-11-08,888.91
2012-11-09,890.75
2012-11-12,892.59
2012-11-13,897.66
2012-11-14,877.85
2012-11-15,856.67
2012-11-16,862.19
2012-11-19,909.17
2012-11-20,907.79
2012-11-21,905.03
2012-11-22,906.41
2012-11-23,907.79
2012-11-26,898.58
2012-11-27,899.04
2012-11-28,898.12
2012-11-29,902.26
2012-11-30,900.42
2012-12-03,898.58
2012-12-04,894.43
2012-12-05,895.35
2012-12-06,895.81
2012-12-07,899.96
2012-12-10,906.87
2012-12-11,907.79
2012-12-12,932.20
2012-12-13,930.36
2012-12-14,969.05
2012-12-17,985.63
2012-12-18,990.23
2012-12-19,1018.79
2012-12-20,1013.26
2012-12-21,1006.81
2012-12-24,1009.58
2012-12-27,1004.97
2012-12-28,1009.58
2012-12-31,1002.21
2013-01-02,1025.24
2013-01-03,1029.84
2013-01-04,1046.42
2013-01-07,1061.16
2013-01-08,1031.68
2013-01-09,1051.03
2013-01-10,1049.19
2013-01-11,1064.84
2013-01-14,1052.87
2013-01-15,1045.50
2013-01-16,1062.08
2013-01-17,1081.43
2013-01-18,1076.82
2013-01-21,1087.87
2013-01-22,1086.95
2013-01-23,1089.72
2013-01-24,1109.98
2013-01-25,1128.40
2013-01-28,1150.51
2013-01-29,1145.91
2013-01-30,1117.35
2013-01-31,1109.06
2013-02-01,1129.33
2013-02-04,1113.67
2013-02-05,1136.69
2013-02-06,1163.41
2013-02-07,1151.43
2013-02-08,1160.64
2013-02-11,1154.20
2013-02-12,1208.54
2013-02-13,1226.97
2013-02-14,1235.26
2013-02-15,1186.44
2013-02-18,1197.49
2013-02-19,1213.15
2013-02-20,1227.89
2013-02-21,1197.49
2013-02-22,1221.44
2013-02-25,1237.10
2013-02-26,1198.41
2013-02-27,1216.83
2013-02-28,1228.81
2013-03-01,1245.39
2013-03-04,1238.02
2013-03-05,1262.89
2013-03-06,1285.92
2013-03-07,1273.02
2013-03-08,1273.95
2013-03-11,1282.24
2013-03-12,1299.74
2013-03-13,1289.60
2013-03-14,1283.16
2013-03-15,1275.79
2013-03-18,1263.81
2013-03-19,1249.07
2013-03-20,1239.86
2013-03-21,1228.81
2013-03-22,1211.31
2013-03-25,1190.12
2013-03-26,1215.91
2013-03-27,1220.52
2013-03-28,1203.02
2013-04-02,1224.20
2013-04-03,1200.25
2013-04-04,1170.78
2013-04-05,1140.38
2013-04-08,1158.80
2013-04-09,1158.80
2013-04-10,1195.65
2013-04-11,1206.70
2013-04-12,1206.70
2013-04-15,1191.96
2013-04-16,1179.99
2013-04-17,1180.91
2013-04-18,1186.44
2013-04-19,1193.81
2013-04-22,1192.88
2013-04-23,1206.70
2013-04-24,1210.39
2013-04-25,1208.54
2013-04-26,1206.70
2013-04-29,1237.10
2013-04-30,1235.26
2013-05-01,1238.02
2013-05-02,1233.41
2013-05-03,1233.41
2013-05-07,1232.49
2013-05-08,1246.31
2013-05-09,1245.39
2013-05-10,1242.63
2013-05-13,1233.41
2013-05-14,1229.73
2013-05-15,1295.13
2013-05-16,1276.71
2013-05-17,1288.68
2013-05-20,1313.55
2013-05-21,1305.26
2013-05-22,1310.79
2013-05-23,1287.76
2013-05-24,1272.10
2013-05-28,1301.58
2013-05-29,1271.18
2013-05-30,1320.92
2013-05-31,1295.13
2013-06-03,1272.10
2013-06-04,1293.29
2013-06-05,1285.92
2013-06-06,1280.39
2013-06-07,1273.02
2013-06-10,1278.55
2013-06-11,1244.47
2013-06-12,1238.94
2013-06-13,1256.44
2013-06-14,1250.00
2013-06-17,1262.89
2013-06-18,1282.24
2013-06-19,1265.65
2013-06-20,1224.20
2013-06-21,1214.99
2013-06-24,1190.12
2013-06-25,1198.41
2013-06-26,1218.68
2013-06-27,1220.52
2013-06-28,1231.57
2013-07-01,1267.50
2013-07-02,1285.92
2013-07-03,1304.34
2013-07-04,1350.40
2013-07-05,1341.19
2013-07-08,1355.01
2013-07-09,1380.80
2013-07-10,1374.35
2013-07-11,1372.51
2013-07-12,1349.48
2013-07-15,1358.69
2013-07-16,1345.79
2013-07-17,1363.30
2013-07-18,1464.62
2013-07-19,1437.91
2013-07-22,1437.91
2013-07-23,1432.38
2013-07-24,1419.49
2013-07-25,1421.33
2013-07-26,1416.72
2013-07-29,1423.17
2013-07-30,1432.38
2013-07-31,1449.88
2013-08-01,1457.25
2013-08-02,1460.94
2013-08-05,1492.26
2013-08-06,1494.10
2013-08-07,1480.28
2013-08-08,1489.49
2013-08-09,1486.73
2013-08-12,1447.12
2013-08-13,1437.91
2013-08-14,1448.96
2013-08-15,1434.22
2013-08-16,1440.67
2013-08-19,1432.38
2013-08-20,1423.17
2013-08-21,1442.51
2013-08-22,1455.41
2013-08-23,1475.68
2013-08-27,1443.44
2013-08-28,1438.83
2013-08-29,1451.73
2013-08-30,1436.99
2013-09-02,1461.86
2013-09-03,1449.88
2013-09-04,1446.20
2013-09-05,1474.76
2013-09-06,1485.81
2013-09-09,1484.89
2013-09-10,1521.73
2013-09-11,1490.41
2013-09-12,1492.26
2013-09-13,1494.10
2013-09-16,1495.94
2013-09-17,1488.57
2013-09-18,1476.60
2013-09-19,1473.83
2013-09-20,1435.15
2013-09-23,1436.07
2013-09-24,1451.73
2013-09-25,1444.36
2013-09-26,1443.44
2013-09-27,1442.51
2013-09-30,1415.80
2013-10-01,1443.44
2013-10-02,1434.22
2013-10-03,1425.93
2013-10-04,1426.86
2013-10-07,1415.80
2013-10-08,1405.67
2013-10-09,1390.93
2013-10-10,1429.62
2013-10-11,1452.65
2013-10-14,1462.78
2013-10-15,1492.26
2013-10-16,1493.18
2013-10-17,1519.89
2013-10-18,1519.89
2013-10-21,1517.13
2013-10-22,1522.65
2013-10-23,1533.71
2013-10-24,1531.87
2013-10-25,1549.37
2013-10-28,1540.16
2013-10-29,1539.24
2013-10-30,1513.44
2013-10-31,1512.52
2013-11-01,1502.39
2013-11-04,1497.78
2013-11-05,1483.97
2013-11-06,1496.86
2013-11-07,1473.83
2013-11-08,1481.20
2013-11-11,1489.49
2013-11-12,1478.44
2013-11-13,1432.38
2013-11-14,1437.91
2013-11-15,1455.41
2013-11-18,1460.02
2013-11-19,1448.04
2013-11-20,1459.10
2013-11-21,1478.44
2013-11-22,1478.44
2013-11-25,1492.26
2013-11-26,1496.86
2013-11-27,1496.86
2013-11-28,1487.65
2013-11-29,1498.70
2013-12-02,1484.89
2013-12-03,1470.15
2013-12-04,1460.02
2013-12-05,1457.25
2013-12-06,1497.78
2013-12-09,1490.41
2013-12-10,1483.97
2013-12-11,1469.23
2013-12-12,1460.94
2013-12-13,1455.41
2013-12-16,1485.81
2013-12-17,1473.83
2013-12-18,1485.81
2013-12-19,1521.73
2013-12-20,1544.76
2013-12-23,1576.08
2013-12-24,null
2013-12-27,1584.37
2013-12-30,1587.13
2013-12-31,null
2014-01-02,1603.72
2014-01-03,1614.77
2014-01-06,1607.40
2014-01-07,1614.77
2014-01-08,1625.82
2014-01-09,1643.32
2014-01-10,1657.14
2014-01-13,1658.06
2014-01-14,1670.04
2014-01-15,1685.70
2014-01-16,1667.27
2014-01-17,1692.15
2014-01-20,1683.86
2014-01-21,1676.49
2014-01-22,1707.81
2014-01-23,1715.17
2014-01-24,1668.20
2014-01-27,1677.41
2014-01-28,1721.62
2014-01-29,1726.23
2014-01-30,1727.15
2014-01-31,1694.91
2014-02-03,1670.96
2014-02-04,1694.91
2014-02-05,1689.38
2014-02-06,1725.31
2014-02-07,1775.97
2014-02-10,1758.47
2014-02-11,1786.10
2014-02-12,1787.02
2014-02-13,1774.13
2014-02-14,1787.02
2014-02-17,1802.68
2014-02-18,1843.21
2014-02-19,1849.66
2014-02-20,1846.90
2014-02-21,1864.40
2014-02-24,1869.93
2014-02-25,1877.30
2014-02-26,1853.35
2014-02-27,1844.13
2014-02-28,1867.16
2014-03-03,1838.61
2014-03-04,1857.03
2014-03-05,1851.50
2014-03-06,1857.95
2014-03-07,1853.35
2014-03-10,1840.45
2014-03-11,1828.48
2014-03-12,1802.68
2014-03-13,1773.21
2014-03-14,1752.02
2014-03-17,1796.23
2014-03-18,1821.11
2014-03-19,1848.74
2014-03-20,1818.34
2014-03-21,1822.95
2014-03-24,1812.82
2014-03-25,1822.03
2014-03-26,1833.08
2014-03-27,1843.21
2014-03-28,1822.95
2014-03-31,1814.66
2014-04-01,1842.29
2014-04-02,1845.98
2014-04-03,1825.71
2014-04-04,1831.24
2014-04-07,1781.50
2014-04-08,1741.89
2014-04-09,1745.57
2014-04-10,1736.36
2014-04-11,1660.83
2014-04-14,1635.03
2014-04-15,1623.98
2014-04-16,1666.35
2014-04-17,1693.99
2014-04-22,1708.73
2014-04-23,1685.70
2014-04-24,1681.09
2014-04-25,1672.80
2014-04-28,1676.49
2014-04-29,1675.56
2014-04-30,1669.12
2014-05-01,1683.86
2014-05-02,1682.01
2014-05-06,1682.01
2014-05-07,1681.09
2014-05-08,1703.20
2014-05-09,1694.91
2014-05-12,1708.73
2014-05-13,1665.43
2014-05-14,1658.98
2014-05-15,1668.20
2014-05-16,1639.64
2014-05-19,1624.90
2014-05-20,1647.01
2014-05-21,1652.54
2014-05-22,1666.35
2014-05-23,1705.96
2014-05-27,1755.70
2014-05-28,1800.84
2014-05-29,1801.76
2014-05-30,1803.60
2014-06-02,1796.23
2014-06-03,1801.76
2014-06-04,1803.60
2014-06-05,1794.39
2014-06-06,1822.03
2014-06-09,1820.18
2014-06-10,1817.42
2014-06-11,1812.82
2014-06-12,1836.77
2014-06-13,1811.89
2014-06-16,1768.60
2014-06-17,1772.29
2014-06-18,1757.55
2014-06-19,1780.58
2014-06-20,1779.65
2014-06-23,1762.15
2014-06-24,1729.91
2014-06-25,1722.54
2014-06-26,1827.55
2014-06-27,1833.08
2014-06-30,1848.74
2014-07-01,1850.58
2014-07-02,1868.08
2014-07-03,1869.01
2014-07-04,1857.95
2014-07-07,1845.06
2014-07-08,1805.45
2014-07-09,1801.76
2014-07-10,1746.49
2014-07-11,1763.99
2014-07-14,1801.76
2014-07-15,1792.55
2014-07-16,1821.11
2014-07-17,1796.23
2014-07-18,1774.13
2014-07-21,1761.23
2014-07-22,1792.55
2014-07-23,1768.60
2014-07-24,1780.58
2014-07-25,1785.18
2014-07-28,1785.18
2014-07-29,1794.39
2014-07-30,1796.23
2014-07-31,1785.18
2014-08-01,1752.94
2014-08-04,1746.49
2014-08-05,1743.73
2014-08-06,1722.54
2014-08-07,1709.65
2014-08-08,1712.41
2014-08-11,1752.94
2014-08-12,1760.31
2014-08-13,1778.73
2014-08-14,1782.42
2014-08-15,1775.05
2014-08-18,1795.31
2014-08-19,1826.63
2014-08-20,1834.00
2014-08-21,1846.90
2014-08-22,1869.01
2014-08-26,1875.45
2014-08-27,1898.48
2014-08-28,1873.61
2014-08-29,1881.90
2014-09-01,1895.72
2014-09-02,1907.69
2014-09-03,1897.56
2014-09-04,1920.59
2014-09-05,1879.14
2014-09-08,1889.27
2014-09-09,1909.54
2014-09-10,1887.43
2014-09-11,1867.00
2014-09-12,1869.00
2014-09-15,1859.00
2014-09-16,1836.00
2014-09-17,1864.00
2014-09-18,1870.00
2014-09-19,1892.00
2014-09-22,1897.00
2014-09-23,1909.00
2014-09-24,1911.00
2014-09-25,1892.00
2014-09-26,1894.00
2014-09-29,1892.00
2014-09-30,1868.00
2014-10-01,1861.00
2014-10-02,1821.00
2014-10-03,1857.00
2014-10-06,1857.00
2014-10-07,1809.00
2014-10-08,1849.00
2014-10-09,1822.00
2014-10-10,1814.00
2014-10-13,1816.00
2014-10-14,1821.00
2014-10-15,1794.00
2014-10-16,1798.00
2014-10-17,1848.00
2014-10-20,1856.00
2014-10-21,1889.00
2014-10-22,1924.00
2014-10-23,1930.00
2014-10-24,1916.00
2014-10-27,1923.00
2014-10-28,1937.00
2014-10-29,1940.00
2014-10-30,1971.00
2014-10-31,2015.00
2014-11-03,2010.00
2014-11-04,2041.00
2014-11-05,2075.00
2014-11-06,2049.00
2014-11-07,2045.00
2014-11-10,2054.00
2014-11-11,2050.00
2014-11-12,2025.00
2014-11-13,2053.00
2014-11-14,2055.00
2014-11-17,2071.00
2014-11-18,2087.00
2014-11-19,2072.00
2014-11-20,2084.00
2014-11-21,2103.00
2014-11-24,2172.00
2014-11-25,2199.00
2014-11-26,2219.00
2014-11-27,2231.00
2014-11-28,2255.00
2014-12-01,2222.00
2014-12-02,2254.00
2014-12-03,2227.00
2014-12-04,2196.00
2014-12-05,2251.00
2014-12-08,2243.00
2014-12-09,2155.00
2014-12-10,2198.00
2014-12-11,2155.00
2014-12-12,2105.00
2014-12-15,2056.00
2014-12-16,2128.00
2014-12-17,2131.00
2014-12-18,2216.00
2014-12-19,2210.00
2014-12-22,2247.00
2014-12-23,2238.00
2014-12-24,null
2014-12-29,2241.00
2014-12-30,2213.00
2014-12-31,null
2015-01-02,2224.00
2015-01-05,2204.00
2015-01-06,2174.00
2015-01-07,2190.00
2015-01-08,2216.00
2015-01-09,2215.00
2015-01-12,2193.00
2015-01-13,2258.00
2015-01-14,2212.00
2015-01-15,2255.00
2015-01-16,2255.00
2015-01-19,2284.00
2015-01-20,2319.00
2015-01-21,2341.00
2015-01-22,2380.00
2015-01-23,2374.00
2015-01-26,2405.00
2015-01-27,2353.00
2015-01-28,2384.00
2015-01-29,2411.00
2015-01-30,2365.00
2015-02-02,2342.00
2015-02-03,2383.00
2015-02-04,2382.00
2015-02-05,2361.00
2015-02-06,2356.00
2015-02-09,2334.00
2015-02-10,2387.00
2015-02-11,2378.00
2015-02-12,2414.00
2015-02-13,2400.00
2015-02-16,2392.00
2015-02-17,2422.00
2015-02-18,2435.00
2015-02-19,2454.00
2015-02-20,2461.00
2015-02-23,2506.00
2015-02-24,2514.00
2015-02-25,2508.00
2015-02-26,2501.00
2015-02-27,2480.00
2015-03-02,2450.00
2015-03-03,2405.00
2015-03-04,2400.00
2015-03-05,2403.00
2015-03-06,2435.00
2015-03-09,2454.00
2015-03-10,2435.00
2015-03-11,2468.00
2015-03-12,2490.00
2015-03-13,2490.00
2015-03-16,2540.00
2015-03-17,2510.00
2015-03-18,2534.00
2015-03-19,2568.00
2015-03-20,2583.00
2015-03-23,2565.00
2015-03-24,2575.00
2015-03-25,2538.00
2015-03-26,2395.00
2015-03-27,2413.00
2015-03-30,2476.00
2015-03-31,2459.00
2015-04-01,2447.00
2015-04-02,2484.00
2015-04-07,2525.00
2015-04-08,2550.00
2015-04-09,2581.00
2015-04-10,2585.00
2015-04-13,2573.00
2015-04-14,2530.00
2015-04-15,2520.00
2015-04-16,2531.00
2015-04-17,2491.00
2015-04-20,2498.00
2015-04-21,2552.00
2015-04-22,2545.00
2015-04-23,2553.00
2015-04-24,2555.00
2015-04-27,2595.00
2015-04-28,2571.00
2015-04-29,2544.00
2015-04-30,2549.00
2015-05-01,2523.00
2015-05-05,2477.00
2015-05-06,2436.00
2015-05-07,2406.00
2015-05-08,2553.00
2015-05-11,2537.00
2015-05-12,2480.00
2015-05-13,2460.00
2015-05-14,2465.00
2015-05-15,2462.00
2015-05-18,2461.00
2015-05-19,2475.00
2015-05-20,2469.00
2015-05-21,2435.00
2015-05-22,2459.00
2015-05-26,2444.00
2015-05-27,2482.00
2015-05-28,2489.00
2015-05-29,2457.00
2015-06-01,2466.00
2015-06-02,2456.00
2015-06-03,2485.00
2015-06-04,2448.00
2015-06-05,2391.00
2015-06-08,2359.00
2015-06-09,2346.00
2015-06-10,2380.00
2015-06-11,2407.00
2015-06-12,2376.00
2015-06-15,2331.00
2015-06-16,2347.00
2015-06-17,2309.00
2015-06-18,2350.00
2015-06-19,2404.00
2015-06-22,2455.00
2015-06-23,2466.00
2015-06-24,2451.00
2015-06-25,2451.00
2015-06-26,2452.00
2015-06-29,2400.00
2015-06-30,2370.00
2015-07-01,2416.00
2015-07-02,2427.00
2015-07-03,2426.00
2015-07-06,2410.00
2015-07-07,2379.00
2015-07-08,2404.00
2015-07-09,2462.00
2015-07-10,2546.00
2015-07-13,2585.00
2015-07-14,2602.00
2015-07-15,2641.00
2015-07-16,2672.00
2015-07-17,2699.00
2015-07-20,2685.00
2015-07-21,2655.00
2015-07-22,2637.00
2015-07-23,2617.00
2015-07-24,2604.00
2015-07-27,2537.00
2015-07-28,2579.00
2015-07-29,2573.00
2015-07-30,2592.00
2015-07-31,2611.00
2015-08-03,2581.00
2015-08-04,2578.00
2015-08-05,2620.00
2015-08-06,2583.00
2015-08-07,2566.00
2015-08-10,2594.00
2015-08-11,2586.00
2015-08-12,2523.00
2015-08-13,2611.00
2015-08-14,2634.00
2015-08-17,2618.00
2015-08-18,2606.00
2015-08-19,2595.00
2015-08-20,2552.00
2015-08-21,2463.00
2015-08-24,2371.00
2015-08-25,2536.00
2015-08-26,2462.00
2015-08-27,2512.00
2015-08-28,2520.00
2015-09-01,2452.00
2015-09-02,2457.00
2015-09-03,2502.00
2015-09-04,2431.00
2015-09-07,2456.00
2015-09-08,2493.00
2015-09-09,2514.00
2015-09-10,2523.00
2015-09-11,2498.00
2015-09-14,2480.00
2015-09-15,2471.00
2015-09-16,2425.00
2015-09-17,2455.00
2015-09-18,2392.00
2015-09-21,2444.00
2015-09-22,2350.00
2015-09-23,2395.00
2015-09-24,2384.00
2015-09-25,2462.00
2015-09-28,2406.00
2015-09-29,2363.00
2015-09-30,2419.00
2015-10-01,2507.00
2015-10-02,2528.00
2015-10-05,2548.00
2015-10-06,2554.00
2015-10-07,2471.00
2015-10-08,2451.00
2015-10-09,2423.00
2015-10-12,2415.00
2015-10-13,2387.00
2015-10-14,2375.00
2015-10-15,2475.00
2015-10-16,2458.00
2015-10-19,2462.00
2015-10-20,2456.00
2015-10-21,2437.00
2015-10-22,2495.00
2015-10-23,2547.00
2015-10-26,2530.00
2015-10-27,2538.00
2015-10-28,2559.00
2015-10-29,2561.00
2015-10-30,2545.00
2015-11-02,2558.00
2015-11-03,2546.00
2015-11-04,2515.00
2015-11-05,2560.00
2015-11-06,2597.00
2015-11-09,2583.00
2015-11-10,2540.00
2015-11-11,2542.00
2015-11-12,2535.00
2015-11-13,2491.00
2015-11-16,2497.00
2015-11-17,2550.00
2015-11-18,2552.00
2015-11-19,2585.00
2015-11-20,2602.00
2015-11-23,2600.00
2015-11-24,2576.00
2015-11-25,2614.00
2015-11-26,2635.00
2015-11-27,2645.00
2015-11-30,2650.00
2015-12-01,2654.00
2015-12-02,2656.00
2015-12-03,2604.00
2015-12-04,2615.00
2015-12-07,2646.00
2015-12-08,2596.00
2015-12-09,2581.00
2015-12-10,2574.00
2015-12-11,2493.00
2015-12-14,2486.00
2015-12-15,2603.00
2015-12-16,2642.00
2015-12-17,2709.00
2015-12-18,2698.00
2015-12-21,2676.00
2015-12-22,2681.00
2015-12-23,2709.00
2015-12-24,null
2015-12-29,2780.00
2015-12-30,2750.00
2015-12-31,null
2016-01-04,2645.00
2016-01-05,2628.00
2016-01-06,2554.00
2016-01-07,2512.00
2016-01-08,2530.00
2016-01-11,2534.00
2016-01-12,2584.00
2016-01-13,2539.00
2016-01-14,2494.00
2016-01-15,2404.00
2016-01-18,2436.00
2016-01-19,2473.00
2016-01-20,2355.00
2016-01-21,2397.00
2016-01-22,2462.00
2016-01-25,2458.00
2016-01-26,2425.00
2016-01-27,2444.00
2016-01-28,2411.00
2016-01-29,2474.00
2016-02-01,2461.00
2016-02-02,2413.00
2016-02-03,2372.00
2016-02-04,2369.00
2016-02-05,2319.00
2016-02-08,2197.00
2016-02-09,2123.00
2016-02-10,2179.00
2016-02-11,2149.00
2016-02-12,2287.00
2016-02-15,2332.00
2016-02-16,2340.00
2016-02-17,2375.00
2016-02-18,2341.00
2016-02-19,2314.00
2016-02-22,2313.00
2016-02-23,2630.00
2016-02-24,2532.00
2016-02-25,2634.00
2016-02-26,2817.00
2016-02-29,2678.00
2016-03-01,2870.00
2016-03-02,2867.00
2016-03-03,2893.00
2016-03-04,2853.00
2016-03-07,2836.00
2016-03-08,2832.00
2016-03-09,2833.00
2016-03-10,2842.00
2016-03-11,2869.00
2016-03-14,2900.00
2016-03-15,2906.00
2016-03-16,2870.00
2016-03-17,2890.00
2016-03-18,2892.00
2016-03-21,2823.00
2016-03-22,2860.00
2016-03-23,2820.00
2016-03-24,2832.00
2016-03-29,2833.00
2016-03-30,2820.00
2016-03-31,2820.00
2016-04-01,2827.00
2016-04-04,2790.00
2016-04-05,2818.00
2016-04-06,2850.00
2016-04-07,2810.00
2016-04-08,2828.00
2016-04-11,2793.00
2016-04-12,2790.00
2016-04-13,2808.00
2016-04-14,2798.00
2016-04-15,2797.00
2016-04-18,2790.00
2016-04-19,2760.00
2016-04-20,2772.00
2016-04-21,2745.00
2016-04-22,2719.00
2016-04-25,2743.00
2016-04-26,2759.00
2016-04-27,2765.00
2016-04-28,2747.00
2016-04-29,2713.00
2016-05-03,2689.00
2016-05-04,2576.00
2016-05-05,2614.00
2016-05-06,2596.00
2016-05-09,2585.00
2016-05-10,2571.00
2016-05-11,2578.00
2016-05-12,2574.00
2016-05-13,2585.00
2016-05-16,2593.00
2016-05-17,2584.00
2016-05-18,2604.00
2016-05-19,2572.00
2016-05-20,2598.00
2016-05-23,2599.00
2016-05-24,2677.00
2016-05-25,2713.00
2016-05-26,2725.00
2016-05-27,2724.00
2016-05-31,2735.00
2016-06-01,2698.00
2016-06-02,2700.00
2016-06-03,2661.00
2016-06-06,2655.00
2016-06-07,2653.00
2016-06-08,2636.00
2016-06-09,2634.00
2016-06-10,2564.00
2016-06-13,2516.00
2016-06-14,2462.00
2016-06-15,2452.00
2016-06-16,2392.00
2016-06-17,2455.00
2016-06-20,2595.00
2016-06-21,2619.00
2016-06-22,2654.00
2016-06-23,2735.00
2016-06-24,2500.00
2016-06-27,2289.00
2016-06-28,2414.00
2016-06-29,2492.00
2016-06-30,2531.00
2016-07-01,2523.00
2016-07-04,2493.00
2016-07-05,2440.00
2016-07-06,2413.00
2016-07-07,2519.00
2016-07-08,2571.00
2016-07-11,2635.00
2016-07-12,2640.00
2016-07-13,2586.00
2016-07-14,2638.00
2016-07-15,2654.00
2016-07-18,2689.00
2016-07-19,2721.00
2016-07-20,2752.00
2016-07-21,2734.00
2016-07-22,2739.00
2016-07-25,2732.00
2016-07-26,2717.00
2016-07-27,2749.00
2016-07-28,2748.00
2016-07-29,2775.00
2016-08-01,2740.00
2016-08-02,2746.00
2016-08-03,2724.00
2016-08-04,2779.00
2016-08-05,2779.00
2016-08-08,2775.00
2016-08-09,2819.00
2016-08-10,2847.00
2016-08-11,2876.00
2016-08-12,2876.00
2016-08-15,2871.00
2016-08-16,2881.00
2016-08-17,2797.00
2016-08-18,2870.00
2016-08-19,2889.00
2016-08-22,2887.00
2016-08-23,2880.00
2016-08-24,2822.00
2016-08-25,2801.00
2016-08-26,2780.00
2016-08-30,2799.00
2016-08-31,2755.00
2016-09-01,2750.00
2016-09-02,2767.00
2016-09-05,2745.00
2016-09-06,2739.00
2016-09-07,2744.00
2016-09-08,2736.00
2016-09-09,2699.00
2016-09-12,2663.00
2016-09-13,2697.00
2016-09-14,2698.00
2016-09-15,2728.00
2016-09-16,2735.00
2016-09-19,2780.00
2016-09-20,2797.00
2016-09-21,2829.00
2016-09-22,2853.00
2016-09-23,2829.00
2016-09-26,2844.00
2016-09-27,2800.00
2016-09-28,2801.00
2016-09-29,2833.00
2016-09-30,2800.00
2016-10-03,2880.00
2016-10-04,2922.00
2016-10-05,2846.00
2016-10-06,2831.00
2016-10-07,2800.00
2016-10-10,2816.00
2016-10-11,2829.00
2016-10-12,2795.00
2016-10-13,2827.00
2016-10-14,2843.00
2016-10-17,2812.00
2016-10-18,2812.00
2016-10-19,2813.00
2016-10-20,2842.00
2016-10-21,2865.00
2016-10-24,2871.00
2016-10-25,2890.00
2016-10-26,2868.00
2016-10-27,2850.00
2016-10-28,2832.00
2016-10-31,2810.00
2016-11-01,2815.00
2016-11-02,2788.00
2016-11-03,2743.00
2016-11-04,2707.00
2016-11-07,2763.00
2016-11-08,2733.00
2016-11-09,2789.00
2016-11-10,2863.00
2016-11-11,2802.00
2016-11-14,2813.00
2016-11-15,2841.00
2016-11-16,2829.00
2016-11-17,2863.00
2016-11-18,2876.00
2016-11-21,2830.00
2016-11-22,2847.00
2016-11-23,2840.00
2016-11-24,2840.00
2016-11-25,2827.00
2016-11-28,2788.00
2016-11-29,2776.00
2016-11-30,2748.00
2016-12-01,2684.00
2016-12-02,2671.00
2016-12-05,2656.00
2016-12-06,2621.00
2016-12-07,2687.00
2016-12-08,2759.00
2016-12-09,2774.00
2016-12-12,2701.00
2016-12-13,2744.00
2016-12-14,2719.00
2016-12-15,2767.00
2016-12-16,2802.00
2016-12-19,2789.00
2016-12-20,2812.00
2016-12-21,2812.00
2016-12-22,2829.00
2016-12-23,2844.00
2016-12-28,2858.00
2016-12-29,2855.00
2016-12-30,2914.00
2017-01-03,2900.00
2017-01-04,2915.00
2017-01-05,2909.00
2017-01-06,2924.00
2017-01-09,2926.00
2017-01-10,2953.00
2017-01-11,2935.00
2017-01-12,2934.00
2017-01-13,2933.00
2017-01-16,2946.00
2017-01-17,2946.00
2017-01-18,2953.00
2017-01-19,3010.00
2017-01-20,3049.00
2017-01-23,3097.00
2017-01-24,3074.00
2017-01-25,3080.00
2017-01-26,3065.00
2017-01-27,3100.00
2017-01-30,3108.00
2017-01-31,3171.00
2017-02-01,3197.00
2017-02-02,3187.00
2017-02-03,3199.00
2017-02-06,3159.00
2017-02-07,3139.00
2017-02-08,3084.00
2017-02-09,3084.00
2017-02-10,3071.00
2017-02-13,3110.00
2017-02-14,3117.00
2017-02-15,3117.00
2017-02-16,3119.00
2017-02-17,3130.00
2017-02-20,3133.00
2017-02-21,3112.00
2017-02-22,3114.00
2017-02-23,3125.00
2017-02-24,3125.00
2017-02-27,3090.00
2017-02-28,3078.00
2017-03-01,3141.00
2017-03-02,3143.00
2017-03-03,3116.00
2017-03-06,3104.00
2017-03-07,3082.00
2017-03-08,3071.00
2017-03-09,3081.00
2017-03-10,3060.00
2017-03-13,3056.00
2017-03-14,3044.00
2017-03-15,3065.00
2017-03-16,3070.00
2017-03-17,3070.00
2017-03-20,3098.00
2017-03-21,3065.00
2017-03-22,3018.00
2017-03-23,3033.00
2017-03-24,3016.00
2017-03-27,3014.00
2017-03-28,3024.00
2017-03-29,3106.00
2017-03-30,3133.00
2017-03-31,3171.00
2017-04-03,3191.00
2017-04-04,3206.00
2017-04-05,3199.00
2017-04-06,3202.00
2017-04-07,3236.00
2017-04-10,3227.00
2017-04-11,3235.00
2017-04-12,3220.00
2017-04-13,3225.00
2017-04-18,3195.00
2017-04-19,3172.00
2017-04-20,3188.00
2017-04-21,3212.00
2017-04-24,3317.00
2017-04-25,3307.00
2017-04-26,3348.00
2017-04-27,3391.00
2017-04-28,3383.00
2017-05-02,3388.00
2017-05-03,3350.00
2017-05-04,3357.00
2017-05-05,3390.00
2017-05-08,3391.00
2017-05-09,3386.00
2017-05-10,3412.00
2017-05-11,3431.00
2017-05-12,3454.00
2017-05-15,3477.00
2017-05-16,3478.00
2017-05-17,3427.00
2017-05-18,3432.00
2017-05-19,3460.00
2017-05-22,3439.00
2017-05-23,3410.00
2017-05-24,3423.00
2017-05-25,3400.00
2017-05-26,3391.00
2017-05-30,3442.00
2017-05-31,3425.00
2017-06-01,3442.00
2017-06-02,3483.00
2017-06-05,3499.00
2017-06-06,3439.00
2017-06-07,3463.00
2017-06-08,3443.00
2017-06-09,3454.00
2017-06-12,3399.00
2017-06-13,3582.00
2017-06-14,3632.00
2017-06-15,3655.00
2017-06-16,3711.00
2017-06-19,3752.00
2017-06-20,3759.00
2017-06-21,3760.00
2017-06-22,3753.00
2017-06-23,3753.00
2017-06-26,3760.63
2017-06-27,3708.26
2017-06-28,3730.00
2017-06-29,3625.00
2017-06-30,3646.00
2017-07-03,3625.00
2017-07-04,3605.00
2017-07-05,3692.00
2017-07-06,3721.00
2017-07-07,3733.00
2017-07-10,3731.00
2017-07-11,3731.00
2017-07-12,3716.00
2017-07-13,3702.00
2017-07-14,3682.00
2017-07-17,3694.00
2017-07-18,3680.00
2017-07-19,3714.00
2017-07-20,3771.00
2017-07-21,3786.00
2017-07-24,3736.00
2017-07-25,3752.00
2017-07-26,3793.00
2017-07-27,3825.00
2017-07-28,3761.00
2017-07-31,3748.00
2017-08-01,3787.00
2017-08-02,3769.00
2017-08-03,3880.00
2017-08-04,3892.00
2017-08-07,3879.00
2017-08-08,3859.00
2017-08-09,3856.00
2017-08-10,3819.00
2017-08-11,3799.00
2017-08-14,3848.00
2017-08-15,3858.00
2017-08-16,3915.00
2017-08-17,3950.00
2017-08-18,3944.00
2017-08-21,3948.00
2017-08-22,3983.00
2017-08-23,3973.00
2017-08-24,3972.00
2017-08-25,3976.00
2017-08-29,3950.00
2017-08-30,3944.00
2017-08-31,3950.00
2017-09-01,3949.00
2017-09-04,3925.00
2017-09-05,3886.00
2017-09-06,3855.00
2017-09-07,3846.00
2017-09-08,3858.00
2017-09-11,3894.00
2017-09-12,3893.00
2017-09-13,3859.00
2017-09-14,3857.00
2017-09-15,3816.00
2017-09-18,3839.00
2017-09-19,3827.00
2017-09-20,3801.00
2017-09-21,3781.00
2017-09-22,3787.00
2017-09-25,3745.00
2017-09-26,3745.00
2017-09-27,3767.00
2017-09-28,3779.00
2017-09-29,3830.00
2017-10-02,3890.00
2017-10-03,3875.00
2017-10-04,3874.00
2017-10-05,3917.00
2017-10-06,3954.00
2017-10-09,3925.00
2017-10-10,3922.00
2017-10-11,3921.00
2017-10-12,3931.00
2017-10-13,3922.00
2017-10-16,3915.00
2017-10-17,3899.00
2017-10-18,3920.00
2017-10-19,3878.00
2017-10-20,3849.00
2017-10-23,3845.00
2017-10-24,3826.00
2017-10-25,3780.00
2017-10-26,3790.00
2017-10-27,3794.00
2017-10-30,3760.00
2017-10-31,3761.00
2017-11-01,3747.00
2017-11-02,3750.00
2017-11-03,3744.00
2017-11-06,3769.00
2017-11-07,3773.00
2017-11-08,3770.00
2017-11-09,3733.00
2017-11-10,3720.00
2017-11-13,3690.00
2017-11-14,3721.00
2017-11-15,3738.00
2017-11-16,3784.00
2017-11-17,3846.00
2017-11-20,3804.00
2017-11-21,3810.00
2017-11-22,3803.00
2017-11-23,3785.00
2017-11-24,3776.00
2017-11-27,3770.00
2017-11-28,3800.00
2017-11-29,3805.00
2017-11-30,3779.00
2017-12-01,3783.00
2017-12-04,3787.00
2017-12-05,3801.00
2017-12-06,3769.00
2017-12-07,3786.00
2017-12-08,3790.00
2017-12-11,3833.00
2017-12-12,3843.00
2017-12-13,3851.15
2017-12-14,3799.00
2017-12-15,3780.00
2017-12-18,3790.00
2017-12-19,3788.00
2017-12-20,3750.00
2017-12-21,3740.00
2017-12-22,3738.00
2017-12-27,3746.00
2017-12-28,3748.00
2017-12-29,3793.00
2018-01-02,3742.00
2018-01-03,3749.00
2018-01-04,3749.00
2018-01-05,3758.00
2018-01-08,3744.00
2018-01-09,3719.00
2018-01-10,3700.00
2018-01-11,3649.00
2018-01-12,3700.00
2018-01-15,3675.00
2018-01-16,3699.00
2018-01-17,3689.00
2018-01-18,3695.00
2018-01-19,3751.00
2018-01-22,3719.00
2018-01-23,3799.00
2018-01-24,3988.00
2018-01-25,3932.00
2018-01-26,4024.00
2018-01-29,4025.00
2018-01-30,3989.00
2018-01-31,3927.00
2018-02-01,3995.00
2018-02-02,4016.00
2018-02-05,3955.00
2018-02-06,3912.00
2018-02-07,4043.00
2018-02-08,3918.00
2018-02-09,3863.00
2018-02-12,3934.00
2018-02-13,3930.00
2018-02-14,3972.00
2018-02-15,4022.00
2018-02-16,4050.00
2018-02-19,3975.00
2018-02-20,4005.00
2018-02-21,4069.00
2018-02-22,4085.00
2018-02-23,4056.00
2018-02-26,4084.00
2018-02-27,4054.00
2018-02-28,4028.00
2018-03-01,3942.00
2018-03-02,3837.00
2018-03-05,3881.00
2018-03-06,3877.00
2018-03-07,3922.00
2018-03-08,3921.00
2018-03-09,3936.00
2018-03-12,3945.00
2018-03-13,3905.00
2018-03-14,3966.00
2018-03-15,4019.00
2018-03-16,3996.00
2018-03-19,3959.00
2018-03-20,4036.00
2018-03-21,4150.00
2018-03-22,4183.00
2018-03-23,4124.00
2018-03-26,4078.00
2018-03-27,4166.00
2018-03-28,4129.00
2018-03-29,4126.00
2018-04-03,4086.00
2018-04-04,4020.00
2018-04-05,4152.00
2018-04-06,4218.00
2018-04-09,4260.00
2018-04-10,4305.00
2018-04-11,4246.00
2018-04-12,4238.00
2018-04-13,4270.00
2018-04-16,4216.00
2018-04-17,4175.00
2018-04-18,4205.00
2018-04-19,4250.00
2018-04-20,4250.00
2018-04-23,4215.00
2018-04-24,4300.00
2018-04-25,4273.00
2018-04-26,4297.00
2018-04-27,4318.00
2018-04-30,4300.00
2018-05-01,4355.00
2018-05-02,4374.00
2018-05-03,4297.00
2018-05-04,4330.00
2018-05-08,4351.00
2018-05-09,4402.00
2018-05-10,4471.00
2018-05-11,4431.00
2018-05-14,4417.00
2018-05-15,4475.00
2018-05-16,4465.00
2018-05-17,4498.00
2018-05-18,4528.00
2018-05-21,4543.00
2018-05-22,4542.00
2018-05-23,4469.00
2018-05-24,4489.00
2018-05-25,4544.00
2018-05-29,4480.00
2018-05-30,4448.00
2018-05-31,4477.00
2018-06-01,4484.00
2018-06-04,4504.00
2018-06-05,4516.00
2018-06-06,4554.00
2018-06-07,4502.00
2018-06-08,4504.00
2018-06-11,4543.00
2018-06-12,4500.00
2018-06-13,4514.00
2018-06-14,4490.00
2018-06-15,4410.00
2018-06-18,4395.00
2018-06-19,4370.00
2018-06-20,4451.00
2018-06-21,4450.00
2018-06-22,4461.00
2018-06-25,4400.00
2018-06-26,4493.00
2018-06-27,4459.00
2018-06-28,4414.00
2018-06-29,4471.00
2018-07-02,4389.00
2018-07-03,4436.00
2018-07-04,4478.00
2018-07-05,4459.00
2018-07-06,4497.00
2018-07-09,4500.00
2018-07-10,4500.00
2018-07-11,4494.00
2018-07-12,4515.00
2018-07-13,4520.00
2018-07-16,4488.70
2018-07-17,4500.00
2018-07-18,4548.00
2018-07-19,4568.00
2018-07-20,4541.00
2018-07-23,4536.00
2018-07-24,4550.00
2018-07-25,4556.00
2018-07-26,4521.00
2018-07-27,4492.00
2018-07-30,4406.00
2018-07-31,4397.00
2018-08-01,4357.00
2018-08-02,4497.00
2018-08-03,4489.00
2018-08-06,4468.00
2018-08-07,4539.00
2018-08-08,4510.00
2018-08-09,4502.00
2018-08-10,4481.00
2018-08-13,4490.00
2018-08-14,4438.00
2018-08-15,4391.00
2018-08-16,4398.00
2018-08-17,4408.00
2018-08-20,4423.00
2018-08-21,4404.00
2018-08-22,4447.00
2018-08-23,4490.00
2018-08-24,4502.00
2018-08-28,4597.00
2018-08-29,4634.00
2018-08-30,4648.00
2018-08-31,4624.00
2018-09-03,4670.00
2018-09-04,4681.00
2018-09-05,4662.00
2018-09-06,4663.00
2018-09-07,4644.00
2018-09-10,4726.00
2018-09-11,4738.00
2018-09-12,4794.00
2018-09-13,4748.00
2018-09-14,4790.00
2018-09-17,4751.00
2018-09-18,4758.00
2018-09-19,4762.00
2018-09-20,4747.00
2018-09-21,4770.00
2018-09-24,4663.00
2018-09-25,4584.00
2018-09-26,4585.00
2018-09-27,4600.00
2018-09-28,4586.00
2018-10-01,4585.00
2018-10-02,4519.00
2018-10-03,4564.00
2018-10-04,4521.00
2018-10-05,4512.00
2018-10-08,4430.00
2018-10-09,4356.00
2018-10-10,4160.00
2018-10-11,4077.00
2018-10-12,4097.00
2018-10-15,4092.00
2018-10-16,4197.00
2018-10-17,4275.00
2018-10-18,4286.00
2018-10-19,4391.00
2018-10-22,4355.00
2018-10-23,4220.00
2018-10-24,4235.00
2018-10-25,4311.00
2018-10-26,4236.00
2018-10-29,4272.00
2018-10-30,4260.00
2018-10-31,4315.00
2018-11-01,4279.00
2018-11-02,4287.00
2018-11-05,4260.00
2018-11-06,4251.00
2018-11-07,4256.00
2018-11-08,4184.00
2018-11-09,4213.00
2018-11-12,4165.00
2018-11-13,4209.00
2018-11-14,4128.00
2018-11-15,4099.00
2018-11-16,4097.00
2018-11-19,4056.00
2018-11-20,3946.00
2018-11-21,4000.00
2018-11-22,4000.00
2018-11-23,4030.00
2018-11-26,4058.00
2018-11-27,4067.00
2018-11-28,4049.00
2018-11-29,4083.00
2018-11-30,4033.00
2018-12-03,4080.00
2018-12-04,4039.00
2018-12-05,4027.00
2018-12-06,3870.00
2018-12-07,3873.00
2018-12-10,3867.00
2018-12-11,3930.00
2018-12-12,4036.00
2018-12-13,4030.00
2018-12-14,4040.00
2018-12-17,4020.00
2018-12-18,4013.00
2018-12-19,4030.00
2018-12-20,4050.00
2018-12-21,4067.00
2018-12-24,3908.00
2018-12-27,3983.00
2018-12-28,4064.00
2018-12-31,4062.00
2019-01-02,4124.00
2019-01-03,4068.00
2019-01-04,4226.00
2019-01-07,4206.00
2019-01-08,4165.00
2019-01-09,4198.00
2019-01-10,4270.00
2019-01-11,4323.00
2019-01-14,4390.00
2019-01-15,4469.00
2019-01-16,4414.00
2019-01-17,4404.00
2019-01-18,4454.00
2019-01-21,4507.00
2019-01-22,4450.00
2019-01-23,4420.00
2019-01-24,4413.00
2019-01-25,4420.00
2019-01-28,4445.00
2019-01-29,4530.00
2019-01-30,4590.00
2019-01-31,4579.00
2019-02-01,4580.00
2019-02-04,4625.00
2019-02-05,4653.00
2019-02-06,4650.00
2019-02-07,4591.00
2019-02-08,4576.00
2019-02-11,4639.00
2019-02-12,4579.00
2019-02-13,4638.00
2019-02-14,4631.00
2019-02-15,4685.00
2019-02-18,4670.00
2019-02-19,4603.00
2019-02-20,4508.00
2019-02-21,4509.00
2019-02-22,4510.00
2019-02-25,4508.00
2019-02-26,4490.00
2019-02-27,4489.00
2019-02-28,4507.00
2019-03-01,4695.00
2019-03-04,4717.00
2019-03-05,4735.00
2019-03-06,4705.00
2019-03-07,4632.00
2019-03-08,4635.00
2019-03-11,4644.00
2019-03-12,4669.00
2019-03-13,4666.00
2019-03-14,4670.00
2019-03-15,4750.00
2019-03-18,4781.00
2019-03-19,4806.00
2019-03-20,4711.00
2019-03-21,4642.00
2019-03-22,4594.00
2019-03-25,4538.00
2019-03-26,4601.00
2019-03-27,4650.00
2019-03-28,4706.00
2019-03-29,4751.00
2019-04-01,4754.00
2019-04-02,4806.00
2019-04-03,4930.00
2019-04-04,4929.00
2019-04-05,4944.00
2019-04-08,4865.00
2019-04-09,4787.00
2019-04-10,4770.00
2019-04-11,4840.00
2019-04-12,4858.00
2019-04-15,4863.00
2019-04-16,4936.00
2019-04-17,4945.00
2019-04-18,4964.00
2019-04-23,4997.00
2019-04-24,4985.00
2019-04-25,5040.00
2019-04-26,5082.00
2019-04-29,5108.00
2019-04-30,5014.00
2019-05-01,5186.00
2019-05-02,5100.00
2019-05-03,5116.00
2019-05-07,5112.00
2019-05-08,5142.00
2019-05-09,5076.00
2019-05-10,5072.00
2019-05-13,5050.00
2019-05-14,5138.00
2019-05-15,5224.00
2019-05-16,5284.00
2019-05-17,5288.00
2019-05-20,5248.00
2019-05-21,5270.00
2019-05-22,5292.00
2019-05-23,5210.00
2019-05-24,5230.00
2019-05-28,5224.00
2019-05-29,5146.00
2019-05-30,5252.00
2019-05-31,5284.00
2019-06-03,5302.00
2019-06-04,5300.00
2019-06-05,5334.00
2019-06-06,5358.00
2019-06-07,5412.00
2019-06-10,5464.00
2019-06-11,5448.00
2019-06-12,5408.00
2019-06-13,5410.00
2019-06-14,5446.00
2019-06-17,5454.00
2019-06-18,5462.00
2019-06-19,5480.00
2019-06-20,5530.00
2019-06-21,5500.00
2019-06-24,5588.00
2019-06-25,5584.00
2019-06-26,5510.00
2019-06-27,5450.00
2019-06-28,5486.00
2019-07-01,5586.00
2019-07-02,5676.00
2019-07-03,5762.00
2019-07-04,5784.00
2019-07-05,5656.00
2019-07-08,5692.00
2019-07-09,5678.00
2019-07-10,5668.00
2019-07-11,5678.00
2019-07-12,5694.00
2019-07-15,5664.00
2019-07-16,5754.00
2019-07-17,5778.00
2019-07-18,5770.00
2019-07-19,5752.00
2019-07-22,5716.00
2019-07-23,5638.00
2019-07-24,5628.00
2019-07-25,5626.00
2019-07-26,5672.00
2019-07-29,6542.00
2019-07-30,6504.00
2019-07-31,6626.00
2019-08-01,7058.00
2019-08-02,6814.00
2019-08-05,6606.00
2019-08-06,6598.00
2019-08-07,6790.00
2019-08-08,6810.00
2019-08-09,6840.00
2019-08-12,6790.00
2019-08-13,6748.00
2019-08-14,6728.00
2019-08-15,6722.00
2019-08-16,6852.00
2019-08-19,6928.00
2019-08-20,6880.00
2019-08-21,6900.00
2019-08-22,6838.00
2019-08-23,6832.00
2019-08-27,6840.00
2019-08-28,6880.00
2019-08-29,6970.00
2019-08-30,6954.00
2019-09-02,7020.00
2019-09-03,7034.00
2019-09-04,7136.00
2019-09-05,7208.00
2019-09-06,7322.00
2019-09-09,7080.00
2019-09-10,6804.00
2019-09-11,7206.00
2019-09-12,7252.00
2019-09-13,7514.00
2019-09-16,7404.00
2019-09-17,7350.00
2019-09-18,7256.00
2019-09-19,7246.00
2019-09-20,7250.00
2019-09-23,7306.00
2019-09-24,7370.00
2019-09-25,7254.00
2019-09-26,7350.00
2019-09-27,7360.00
2019-09-30,7308.00
2019-10-01,7256.00
2019-10-02,7008.00
2019-10-03,7168.00
2019-10-04,7382.00
2019-10-07,7452.00
2019-10-08,7020.00
2019-10-09,7248.00
2019-10-10,7288.00
2019-10-11,7300.00
2019-10-14,7298.00
2019-10-15,7208.00
2019-10-16,7010.00
2019-10-17,7044.00
2019-10-18,7102.00
2019-10-21,7074.00
2019-10-22,7134.00
2019-10-23,6936.00
2019-10-24,6990.00
2019-10-25,6818.00
2019-10-28,7022.00
2019-10-29,7046.00
2019-10-30,7102.00
2019-10-31,6954.00
2019-11-01,7038.00
2019-11-04,7050.00
2019-11-05,6962.00
2019-11-06,6932.00
2019-11-07,6746.00
2019-11-08,6904.00
2019-11-11,6906.00
2019-11-12,6960.00
2019-11-13,6988.00
2019-11-14,6934.00
2019-11-15,6840.00
2019-11-18,6840.00
2019-11-19,6896.00
2019-11-20,6882.00
2019-11-21,6782.00
2019-11-22,6838.00
2019-11-25,6862.00
2019-11-26,7010.00
2019-11-27,7026.00
2019-11-28,6898.00
2019-11-29,6872.00
2019-12-02,6750.00
2019-12-03,6682.00
2019-12-04,6794.00
2019-12-05,6740.00
2019-12-06,6790.00
2019-12-09,6778.00
2019-12-10,6798.00
2019-12-11,6898.00
2019-12-12,6950.00
2019-12-13,7172.00
2019-12-16,7332.00
2019-12-17,7436.00
2019-12-18,7404.00
2019-12-19,7460.00
2019-12-20,7624.00
2019-12-23,7734.00
2019-12-24,7680.00
2019-12-27,7760.00
2019-12-30,7716.00
2019-12-31,7750.00
2020-01-02,7700.00
2020-01-03,7638.00
2020-01-06,7500.00
2020-01-07,7440.00
2020-01-08,7542.00
2020-01-09,7766.00
2020-01-10,7652.00
2020-01-13,7566.00
2020-01-14,7546.00
2020-01-15,7646.00
2020-01-16,7646.00
2020-01-17,7640.00
2020-01-20,7624.00
2020-01-21,7708.00
2020-01-22,7986.00
2020-01-23,7918.00
2020-01-24,7950.00
2020-01-27,7768.00
2020-01-28,7732.00
2020-01-29,7790.00
2020-01-30,7824.00
2020-01-31,7836.00
2020-02-03,7924.00
2020-02-04,8028.00
2020-02-05,8136.00
2020-02-06,8166.00
2020-02-07,8196.00
2020-02-10,8166.00
2020-02-11,8198.00
2020-02-12,8272.00
2020-02-13,8226.00
2020-02-14,8220.00
2020-02-17,8300.00
2020-02-18,8350.00
2020-02-19,8542.00
2020-02-20,8416.00
2020-02-21,8422.00
2020-02-24,8300.00
2020-02-25,8072.00
2020-02-26,8076.00
2020-02-27,7810.00
2020-02-28,7576.00
2020-03-02,7888.00
2020-03-03,7864.00
2020-03-04,7994.00
2020-03-05,8030.00
2020-03-06,7592.00
2020-03-09,7246.00
2020-03-10,7036.00
2020-03-11,7036.00
2020-03-12,6356.00
2020-03-13,6794.00
2020-03-16,6312.00
2020-03-17,6174.00
2020-03-18,5806.00
2020-03-19,5928.00
2020-03-20,6220.00
2020-03-23,6252.00
2020-03-24,6902.00
2020-03-25,7368.00
2020-03-26,7326.00
2020-03-27,6948.00
2020-03-30,7322.00
2020-03-31,7280.00
2020-04-01,7070.00
2020-04-02,67.36
2020-04-03,72.00
2020-04-06,70.64
2020-04-07,71.80
2020-04-08,71.26
2020-04-09,72.32
2020-04-14,72.44
2020-04-15,70.64
2020-04-16,7262.00
2020-04-17,7482.00
2020-04-20,7542.00
2020-04-21,7350.00
2020-04-22,7622.00
2020-04-23,7560.00
2020-04-24,7440.00
2020-04-27,7486.00
2020-04-28,7488.00
2020-04-29,7586.00
2020-04-30,7456.00
2020-05-01,7470.00
2020-05-04,7426.00
2020-05-05,7588.00
2020-05-06,7676.00
2020-05-07,7828.00
2020-05-11,7956.00
2020-05-12,8104.00
2020-05-13,8044.00
2020-05-14,7924.00
2020-05-15,8026.00
2020-05-18,8290.00
2020-05-19,8286.00
2020-05-20,8360.00
2020-05-21,8340.00
2020-05-22,8432.00
2020-05-26,8272.00
2020-05-27,8010.00
2020-05-28,8232.00
2020-05-29,8030.00
2020-06-01,8126.00
2020-06-02,8068.00
2020-06-03,8250.00
2020-06-04,8270.00
2020-06-05,8072.00
2020-06-08,7910.00
2020-06-09,7838.00
2020-06-10,8066.00
2020-06-11,8094.00
2020-06-12,7962.00
2020-06-15,7968.00
2020-06-16,8096.00
2020-06-17,8122.00
2020-06-18,8062.00
2020-06-19,8238.00
2020-06-22,8050.00
2020-06-23,8366.00
2020-06-24,8014.00
2020-06-25,8192.00
2020-06-26,8358.00
2020-06-29,8362.00
2020-06-30,8358.00
2020-07-01,8316.00
2020-07-02,8434.00
2020-07-03,8466.00
2020-07-06,8494.00
2020-07-07,8288.00
2020-07-08,8402.00
2020-07-09,8426.00
2020-07-10,8352.00
2020-07-13,8446.00
2020-07-14,8312.00
2020-07-15,8298.00
2020-07-16,8290.00
2020-07-17,8400.00
2020-07-20,8482.00
2020-07-21,8478.00
2020-07-22,8486.00
2020-07-23,8344.00
2020-07-24,8368.00
2020-07-27,8380.00
2020-07-28,8372.00
2020-07-29,8492.00
2020-07-30,8346.00
2020-07-31,8484.00
2020-08-03,8686.00
2020-08-04,8438.00
2020-08-05,8588.00
2020-08-06,8578.00
2020-08-07,8620.00
2020-08-10,8474.00
2020-08-11,8546.00
2020-08-12,8874.00
2020-08-13,8778.00
2020-08-14,8636.00
2020-08-17,8732.00
2020-08-18,8678.00
2020-08-19,8848.00
2020-08-20,8836.00
2020-08-21,8852.00
2020-08-24,8882.00
2020-08-25,8900.00
2020-08-26,8916.00
2020-08-27,8904.00
2020-08-28,8800.00
2020-09-01,8730.00
2020-09-02,8898.00
2020-09-03,8644.00
2020-09-04,8488.00
2020-09-07,8724.00
2020-09-08,8758.00
2020-09-09,8928.00
2020-09-10,8890.00
2020-09-11,9030.00
2020-09-14,8960.00
2020-09-15,9150.00
2020-09-16,8974.00
2020-09-17,8842.00
2020-09-18,8960.00
2020-09-21,8738.00
2020-09-22,8724.00
2020-09-23,8890.00
2020-09-24,8788.00
2020-09-25,8726.00
2020-09-28,8844.00
2020-09-29,8890.00
2020-09-30,8876.00
2020-10-01,9108.00
2020-10-02,9198.00
2020-10-05,9216.00
2020-10-06,8988.00
2020-10-07,8868.00
2020-10-08,8844.00
2020-10-09,8880.00
2020-10-12,8902.00
2020-10-13,8878.00
2020-10-14,8774.00
2020-10-15,8650.00
2020-10-16,8836.00
2020-10-19,8808.00
2020-10-20,8758.00
2020-10-21,8564.00
2020-10-22,8516.00
2020-10-23,8438.00
2020-10-26,8422.00
2020-10-27,8546.00
2020-10-28,8328.00
2020-10-29,8394.00
2020-10-30,8278.00
2020-11-02,8200.00
2020-11-03,8334.00
2020-11-04,8710.00
2020-11-05,8812.00
2020-11-06,8842.00
2020-11-09,8564.00
2020-11-10,8262.00
2020-11-11,8474.00
2020-11-12,8576.00
2020-11-13,8394.00
2020-11-16,8264.00
2020-11-17,7936.00
2020-11-18,8094.00
2020-11-19,8092.00
2020-11-20,8134.00
2020-11-23,7884.00
2020-11-24,7616.00
2020-11-25,7726.00
2020-11-26,7848.00
2020-11-27,7920.00
2020-11-30,8106.00
2020-12-01,7990.00
2020-12-02,8754.00
2020-12-03,8672.00
2020-12-04,8634.00
2020-12-07,8716.00
2020-12-08,8722.00
2020-12-09,8658.00
2020-12-10,8678.00
2020-12-11,8526.00
2020-12-14,8710.00
2020-12-15,8842.00
2020-12-16,8822.00
2020-12-17,8880.00
2020-12-18,8922.00
2020-12-21,8830.00
2020-12-22,8932.00
2020-12-23,8900.00
2020-12-24,8878.00
2020-12-29,9102.00
2020-12-30,9098.00
2020-12-31,9008.00
2021-01-04,9262.00
2021-01-05,9036.00
2021-01-06,9134.00
2021-01-07,9018.00
2021-01-08,9206.00
2021-01-11,9204.00
2021-01-12,8976.00
2021-01-13,9142.00
2021-01-14,9324.00
2021-01-15,9134.00
2021-01-18,9212.00
2021-01-19,9136.00
2021-01-20,9130.00
2021-01-21,9172.00
2021-01-22,9120.00
2021-01-25,9032.00
2021-01-26,9048.00
2021-01-27,8670.00
2021-01-28,8620.00
2021-01-29,8686.00
2021-02-01,9100.00
2021-02-02,9400.00
2021-02-03,9250.00
2021-02-04,9398.00
2021-02-05,9450.00
2021-02-08,9638.00
2021-02-09,9656.00
2021-02-10,9578.00
2021-02-11,9650.00
2021-02-12,9800.00
2021-02-15,9876.00
2021-02-16,9910.00
2021-02-17,9810.00
2021-02-18,9852.00
2021-02-19,9722.00
2021-02-22,9638.00
2021-02-23,9512.00
2021-02-24,9580.00
2021-02-25,9710.00
2021-02-26,9618.00
2021-03-01,9714.00
2021-03-02,9714.00
2021-03-03,9562.00
2021-03-04,9488.00
2021-03-05,8124.00
2021-03-08,7606.00
2021-03-09,7850.00
2021-03-10,7644.00
2021-03-11,7724.00
2021-03-12,7604.00
2021-03-15,7560.00
2021-03-16,7512.00
2021-03-17,7268.00
2021-03-18,7358.00
2021-03-19,7218.00
2021-03-22,7250.00
2021-03-23,7260.00
2021-03-24,7080.00
2021-03-25,7062.00
2021-03-26,7108.00
2021-03-29,6976.00
2021-03-30,6914.00
2021-03-31,6940.00
2021-04-01,7234.00
2021-04-06,7370.00
2021-04-07,7278.00
2021-04-08,7390.00
2021-04-09,7478.00
2021-04-12,7500.00
2021-04-13,7622.00
2021-04-14,7754.00
2021-04-15,7900.00
2021-04-16,7700.00
2021-04-19,7730.00
2021-04-20,7696.00
2021-04-21,7666.00
2021-04-22,7708.00
2021-04-23,7726.00
2021-04-26,7606.00
2021-04-27,7478.00
2021-04-28,7554.00
2021-04-29,7468.00
2021-04-30,7400.00
2021-05-04,7162.00
2021-05-05,7232.00
2021-05-06,7100.00
2021-05-07,7170.00
2021-05-10,7076.00
2021-05-11,7080.00
2021-05-12,6972.00
2021-05-13,7084.00
2021-05-14,7190.00
2021-05-17,7178.00
2021-05-18,7250.00
2021-05-19,7312.00
2021-05-20,7504.00
2021-05-21,7508.00
2021-05-24,7540.00
2021-05-25,7572.00
2021-05-26,7540.00
2021-05-27,7354.00
2021-05-28,7574.00
2021-05-31,7520.73
2021-06-01,7613.47
2021-06-02,7506.23
2021-06-03,7574.97
2021-06-04,7535.38
2021-06-07,7562.64
2021-06-08,7589.55
2021-06-09,7659.36
2021-06-10,7587.87
2021-06-11,7600.85
2021-06-14,7543.93
2021-06-15,7655.57
2021-06-16,7582.86
2021-06-17,7579.66
2021-06-18,7638.57
2021-06-21,7646.40
2021-06-22,7628.78
2021-06-23,7649.50
2021-06-24,7651.63
2021-06-25,7651.24
2021-06-28,7667.32
2021-06-29,7679.76
2021-06-30,7628.71
2021-07-01,7670.02
2021-07-02,7664.14
2021-07-05,7733.04
2021-07-06,7679.18
2021-07-07,7758.17
2021-07-08,7762.81
2021-07-09,7733.60
2021-07-12,7696.71
2021-07-13,7796.78
2021-07-14,7772.88
2021-07-15,7776.36
2021-07-16,7774.77
2021-07-19,7798.60
2021-07-20,7833.48
2021-07-21,7874.48
2021-07-22,7785.35
2021-07-23,7888.91
2021-07-26,7873.20
2021-07-27,7853.61
2021-07-28,7878.78
2021-07-29,7958.58
2021-07-30,7908.97
2021-08-02,7909.19
2021-08-03,7925.37
2021-08-04,7903.92
2021-08-05,7910.58
2021-08-06,7876.49
2021-08-09,7857.81
2021-08-10,7983.69
2021-08-11,7963.99
2021-08-12,7956.06
2021-08-13,7996.97
2021-08-16,8016.88
2021-08-17,8054.43
2021-08-18,8086.38
2021-08-19,8004.40
2021-08-20,7986.36
2021-08-23,8040.80
2021-08-24,8012.21
2021-08-25,8011.33
2021-08-26,8070.21
2021-08-27,8094.49
2021-08-30,8014.81
2021-08-31,8008.34
2021-09-01,8071.53
2021-09-02,8052.93
2021-09-03,8033.96
2021-09-06,8027.75
2021-09-07,8065.78
2021-09-08,8099.14
2021-09-09,8020.33
2021-09-10,8100.84
2021-09-13,8103.53
2021-09-14,8084.49
2021-09-15,8124.54
2021-09-16,8088.53
2021-09-17,8218.15
2021-09-20,8162.27
2021-09-21,8201.90
2021-09-22,8127.55
2021-09-23,8196.74
2021-09-24,8166.28
2021-09-27,8176.27
2021-09-28,8166.52
2021-09-29,8175.67
2021-09-30,8266.68