Date,tse_close
2004-01-02,8293.70
2004-01-05,8381.70
2004-01-06,8405.10
2004-01-07,8388.50
2004-01-08,8386.40
2004-01-09,8352.20
2004-01-12,8380.40
2004-01-13,8380.30
2004-01-14,8403.80
2004-01-15,8423.90
2004-01-16,8522.30
2004-01-19,8580.40
2004-01-20,8623.60
2004-01-21,8621.90
2004-01-22,8589.10
2004-01-23,8604.70
2004-01-26,8594.90
2004-01-27,8588.20
2004-01-28,8535.70
2004-01-29,8449.40
2004-01-30,8521.40
2004-02-02,8639.90
2004-02-03,8660.70
2004-02-04,8538.10
2004-02-05,8548.40
2004-02-06,8638.60
2004-02-09,8695.20
2004-02-10,8751.50
2004-02-11,8767.70
2004-02-12,8725.00
2004-02-13,8694.50
2004-02-16,8747.50
2004-02-17,8767.10
2004-02-18,8717.80
2004-02-19,8699.10
2004-02-20,8641.90
2004-02-23,8609.60
2004-02-24,8605.00
2004-02-25,8637.30
2004-02-26,8737.80
2004-02-27,8788.50
2004-03-01,8874.70
2004-03-02,8808.00
2004-03-03,8795.70
2004-03-04,8773.30
2004-03-05,8845.00
2004-03-08,8801.20
2004-03-09,8750.30
2004-03-10,8585.40
2004-03-11,8503.90
2004-03-12,8592.00
2004-03-15,8434.40
2004-03-16,8503.30
2004-03-17,8601.70
2004-03-18,8555.90
2004-03-19,8583.80
2004-03-22,8478.50
2004-03-23,8474.50
2004-03-24,8420.90
2004-03-25,8513.90
2004-03-26,8509.60
2004-03-29,8555.20
2004-03-30,8622.20
2004-03-31,8585.90
2004-04-01,8652.10
2004-04-02,8798.80
2004-04-05,8858.50
2004-04-06,8832.70
2004-04-07,8807.60
2004-04-08,8833.50
2004-04-09,null
2004-04-12,8898.80
2004-04-13,8763.60
2004-04-14,8640.10
2004-04-15,8637.20
2004-04-16,8695.40
2004-04-19,8702.80
2004-04-20,8603.00
2004-04-21,8573.10
2004-04-22,8680.00
2004-04-23,8667.90
2004-04-26,8616.20
2004-04-27,8535.00
2004-04-28,8234.90
2004-04-29,8231.90
2004-04-30,8244.00
2004-05-03,8257.60
2004-05-04,8455.90
2004-05-05,8457.30
2004-05-06,8427.70
2004-05-07,8274.80
2004-05-10,8129.50
2004-05-11,8205.10
2004-05-12,8187.70
2004-05-13,8176.60
2004-05-14,8188.10
2004-05-17,8123.50
2004-05-18,8162.70
2004-05-19,8196.80
2004-05-20,8147.90
2004-05-21,8210.50
2004-05-24,null
2004-05-25,8354.20
2004-05-26,8319.00
2004-05-27,8343.60
2004-05-28,8347.10
2004-05-31,8417.30
2004-06-01,8418.40
2004-06-02,8374.80
2004-06-03,8329.10
2004-06-04,8348.70
2004-06-07,8412.80
2004-06-08,8412.00
2004-06-09,8317.10
2004-06-10,8345.50
2004-06-11,8366.60
2004-06-14,8292.30
2004-06-15,8390.20
2004-06-16,8427.90
2004-06-17,8497.60
2004-06-18,8468.00
2004-06-21,8472.20
2004-06-22,8517.90
2004-06-23,8575.40
2004-06-24,8530.80
2004-06-25,8497.80
2004-06-28,8468.90
2004-06-29,8498.50
2004-06-30,8545.60
2004-07-01,null
2004-07-02,8487.30
2004-07-05,8486.00
2004-07-06,8484.70
2004-07-07,8481.90
2004-07-08,8420.40
2004-07-09,8473.20
2004-07-12,8422.20
2004-07-13,8452.60
2004-07-14,8458.30
2004-07-15,8397.30
2004-07-16,8350.50
2004-07-19,8414.80
2004-07-20,8418.50
2004-07-21,8454.20
2004-07-22,8398.10
2004-07-23,8383.30
2004-07-26,8314.60
2004-07-27,8294.40
2004-07-28,8356.30
2004-07-29,8443.20
2004-07-30,8458.10
2004-08-02,null
2004-08-03,8464.10
2004-08-04,8363.00
2004-08-05,8267.90
2004-08-06,8176.70
2004-08-09,8183.40
2004-08-10,8231.30
2004-08-11,8168.20
2004-08-12,8132.30
2004-08-13,8172.60
2004-08-16,8241.50
2004-08-17,8232.20
2004-08-18,8223.00
2004-08-19,8293.90
2004-08-20,8335.60
2004-08-23,8315.50
2004-08-24,8316.40
2004-08-25,8371.40
2004-08-26,8331.30
2004-08-27,8334.30
2004-08-30,8309.00
2004-08-31,8377.00
2004-09-01,8410.10
2004-09-02,8388.90
2004-09-03,8344.40
2004-09-06,null
2004-09-07,8369.40
2004-09-08,8354.80
2004-09-09,8394.00
2004-09-10,8368.60
2004-09-13,8513.40
2004-09-14,8492.60
2004-09-15,8467.00
2004-09-16,8493.40
2004-09-17,8529.90
2004-09-20,8539.80
2004-09-21,8642.90
2004-09-22,8586.10
2004-09-23,8591.70
2004-09-24,8588.40
2004-09-27,8498.00
2004-09-28,8617.20
2004-09-29,8634.10
2004-09-30,8668.30
2004-10-01,8747.10
2004-10-04,8812.90
2004-10-05,8797.10
2004-10-06,8871.90
2004-10-07,8825.40
2004-10-08,8814.90
2004-10-11,null
2004-10-12,8785.90
2004-10-13,8729.60
2004-10-14,8745.60
2004-10-15,8788.90
2004-10-18,8788.90
2004-10-19,8720.50
2004-10-20,8788.10
2004-10-21,8846.70
2004-10-22,8780.80
2004-10-25,8749.20
2004-10-26,8818.20
2004-10-27,8791.00
2004-10-28,8781.00
2004-10-29,8871.00
2004-11-01,8858.20
2004-11-02,8870.90
2004-11-03,8841.40
2004-11-04,8866.60
2004-11-05,8868.70
2004-11-08,8825.70
2004-11-09,8845.20
2004-11-10,8841.70
2004-11-11,8886.20
2004-11-12,8896.40
2004-11-15,8937.20
2004-11-16,8952.00
2004-11-17,8987.60
2004-11-18,8971.50
2004-11-19,8959.40
2004-11-22,8991.50
2004-11-23,8995.20
2004-11-24,8976.10
2004-11-25,9025.90
2004-11-26,9058.00
2004-11-29,9056.40
2004-11-30,9030.10
2004-12-01,9064.50
2004-12-02,9038.50
2004-12-03,9055.70
2004-12-06,9060.70
2004-12-07,8991.00
2004-12-08,9003.70
2004-12-09,9013.60
2004-12-10,8965.30
2004-12-13,9032.80
2004-12-14,9086.40
2004-12-15,9106.20
2004-12-16,9116.60
2004-12-17,9122.60
2004-12-20,9122.60
2004-12-21,9237.50
2004-12-22,9251.20
2004-12-23,9235.20
2004-12-24,9287.40
2004-12-27,null
2004-12-28,null
2004-12-29,9229.10
2004-12-30,9264.40
2004-12-31,9246.70
2005-01-04,9143.00
2005-01-05,9021.10
2005-01-06,9064.30
2005-01-07,9006.20
2005-01-10,9026.80
2005-01-11,9020.70
2005-01-12,9022.70
2005-01-13,9009.10
2005-01-14,9057.20
2005-01-17,9063.80
2005-01-18,9134.80
2005-01-19,9120.40
2005-01-20,9089.00
2005-01-21,9086.80
2005-01-24,9078.20
2005-01-25,9125.10
2005-01-26,9162.40
2005-01-27,9174.40
2005-01-28,9141.80
2005-01-31,9204.10
2005-02-01,9270.10
2005-02-02,9303.90
2005-02-03,9303.70
2005-02-04,9358.30
2005-02-07,9371.90
2005-02-08,9392.70
2005-02-09,9402.60
2005-02-10,9496.40
2005-02-11,9558.50
2005-02-14,9585.20
2005-02-15,9570.00
2005-02-16,9639.60
2005-02-17,9619.30
2005-02-18,9658.80
2005-02-21,9682.30
2005-02-22,9640.50
2005-02-23,9675.70
2005-02-24,9657.70
2005-02-25,9741.40
2005-02-28,9668.30
2005-03-01,9728.00
2005-03-02,9800.10
2005-03-03,9859.50
2005-03-04,9927.20
2005-03-07,9886.10
2005-03-08,9903.30
2005-03-09,9795.10
2005-03-10,9675.60
2005-03-11,9691.40
2005-03-14,9715.40
2005-03-15,9709.30
2005-03-16,9712.60
2005-03-17,9778.20
2005-03-18,9754.70
2005-03-21,9693.60
2005-03-22,9647.20
2005-03-23,9549.70
2005-03-24,9533.10
2005-03-28,9482.40
2005-03-29,9395.40
2005-03-30,9484.30
2005-03-31,9612.40
2005-04-01,9638.60
2005-04-04,9630.90
2005-04-05,9619.10
2005-04-06,9673.00
2005-04-07,9625.40
2005-04-08,9623.70
2005-04-11,9643.70
2005-04-12,9629.00
2005-04-13,9492.10
2005-04-14,9409.60
2005-04-15,9277.10
2005-04-18,9331.00
2005-04-19,9415.70
2005-04-20,9378.10
2005-04-21,9405.80
2005-04-22,9367.50
2005-04-25,9416.10
2005-04-26,9427.70
2005-04-27,9323.50
2005-04-28,9275.10
2005-04-29,9369.30
2005-05-02,9430.20
2005-05-03,9371.00
2005-05-04,9473.30
2005-05-05,9476.30
2005-05-06,9522.70
2005-05-09,9561.20
2005-05-10,9493.60
2005-05-11,9446.40
2005-05-12,9331.70
2005-05-13,9278.50
2005-05-16,9323.30
2005-05-17,9371.40
2005-05-18,9407.80
2005-05-19,9469.80
2005-05-20,9452.20
2005-05-24,9518.40
2005-05-25,9509.50
2005-05-26,9579.10
2005-05-27,9619.40
2005-05-30,9673.20
2005-05-31,9607.30
2005-06-01,9654.20
2005-06-02,9626.60
2005-06-03,9671.20
2005-06-06,9654.00
2005-06-07,9656.20
2005-06-08,9707.90
2005-06-09,9763.40
2005-06-10,9790.10
2005-06-13,9839.90
2005-06-14,9822.90
2005-06-15,9866.60
2005-06-16,9968.70
2005-06-17,9947.60
2005-06-20,9998.10
2005-06-21,9939.20
2005-06-22,10051.50
2005-06-23,9998.40
2005-06-24,9996.20
2005-06-27,9998.10
2005-06-28,10041.00
2005-06-29,10029.30
2005-06-30,9902.80
2005-07-04,9941.80
2005-07-05,10075.10
2005-07-06,10111.90
2005-07-07,10121.00
2005-07-08,10177.90
2005-07-11,10217.70
2005-07-12,10207.90
2005-07-13,10203.60
2005-07-14,10124.90
2005-07-15,10149.00
2005-07-18,10163.00
2005-07-19,10263.20
2005-07-20,10329.60
2005-07-21,10317.70
2005-07-22,10374.80
2005-07-25,10362.60
2005-07-26,10367.90
2005-07-27,10500.70
2005-07-28,10516.20
2005-07-29,10422.90
2005-08-02,10621.20
2005-08-03,10598.80
2005-08-04,10626.70
2005-08-05,10550.50
2005-08-08,10614.40
2005-08-09,10585.90
2005-08-10,10671.40
2005-08-11,10699.90
2005-08-12,10683.10
2005-08-15,10650.70
2005-08-16,10534.80
2005-08-17,10500.70
2005-08-18,10391.30
2005-08-19,10502.10
2005-08-22,10525.50
2005-08-23,10480.00
2005-08-24,10509.70
2005-08-25,10538.90
2005-08-26,10484.10
2005-08-29,10558.40
2005-08-30,10573.10
2005-08-31,10668.90
2005-09-01,10813.30
2005-09-02,10771.90
2005-09-06,10798.10
2005-09-07,10810.10
2005-09-08,10777.20
2005-09-09,10898.20
2005-09-12,10885.20
2005-09-13,10825.20
2005-09-14,10932.40
2005-09-15,10966.30
2005-09-16,10990.60
2005-09-19,11024.70
2005-09-20,10903.50
2005-09-21,10957.10
2005-09-22,10870.80
2005-09-23,10904.30
2005-09-26,11005.50
2005-09-27,11067.20
2005-09-28,11042.30
2005-09-29,11018.50
2005-09-30,11011.80
2005-10-03,11081.20
2005-10-04,10960.60
2005-10-05,10748.10
2005-10-06,10562.20
2005-10-07,10612.20
2005-10-11,10620.50
2005-10-12,10493.10
2005-10-13,10429.70
2005-10-14,10488.80
2005-10-17,10553.40
2005-10-18,10345.10
2005-10-19,10425.80
2005-10-20,10190.70
2005-10-21,10290.90
2005-10-24,10360.80
2005-10-25,10363.70
2005-10-26,10283.70
2005-10-27,10245.50
2005-10-28,10312.30
2005-10-31,10383.30
2005-11-01,10390.80
2005-11-02,10585.70
2005-11-03,10672.60
2005-11-04,10674.80
2005-11-07,10681.20
2005-11-08,10616.20
2005-11-09,10656.50
2005-11-10,10565.30
2005-11-11,10669.40
2005-11-14,10684.70
2005-11-15,10628.90
2005-11-16,10727.00
2005-11-17,10733.10
2005-11-18,10722.10
2005-11-21,10817.30
2005-11-22,10892.80
2005-11-23,10919.80
2005-11-24,11081.80
2005-11-25,11002.60
2005-11-28,10939.20
2005-11-29,10942.60
2005-11-30,10824.10
2005-12-01,10999.60
2005-12-02,11005.20
2005-12-05,11008.80
2005-12-06,11096.80
2005-12-07,11131.40
2005-12-08,11167.20
2005-12-09,11132.00
2005-12-12,11099.30
2005-12-13,11137.40
2005-12-14,11095.80
2005-12-15,11092.80
2005-12-16,11136.60
2005-12-19,11154.30
2005-12-20,11180.60
2005-12-21,11247.30
2005-12-22,11255.40
2005-12-23,11245.40
2005-12-28,11261.20
2005-12-29,11296.30
2005-12-30,11272.30
2006-01-03,11441.60
2006-01-04,11501.50
2006-01-05,11507.70
2006-01-06,11620.50
2006-01-09,11565.20
2006-01-10,11597.60
2006-01-11,11621.00
2006-01-12,11595.20
2006-01-13,11604.80
2006-01-16,11721.00
2006-01-17,11689.60
2006-01-18,11554.50
2006-01-19,11693.00
2006-01-20,11605.70
2006-01-23,11733.40
2006-01-24,11692.40
2006-01-25,11675.20
2006-01-26,11737.40
2006-01-27,11856.80
2006-01-30,11947.50
2006-01-31,11945.60
2006-02-01,11952.10
2006-02-02,11929.90
2006-02-03,11937.60
2006-02-06,12080.50
2006-02-07,11817.30
2006-02-08,11735.10
2006-02-09,11709.30
2006-02-10,11651.70
2006-02-13,11519.50
2006-02-14,11616.40
2006-02-15,11557.30
2006-02-16,11704.30
2006-02-17,11758.00
2006-02-20,11865.80
2006-02-21,11826.40
2006-02-22,11800.20
2006-02-23,11738.60
2006-02-24,11810.60
2006-02-27,11706.50
2006-02-28,11688.30
2006-03-01,11794.60
2006-03-02,11906.90
2006-03-03,11978.70
2006-03-06,11883.30
2006-03-07,11816.50
2006-03-08,11737.10
2006-03-09,11765.30
2006-03-10,11833.60
2006-03-13,11906.70
2006-03-14,11973.30
2006-03-15,12055.60
2006-03-16,12085.70
2006-03-17,12000.70
2006-03-20,11929.30
2006-03-21,11947.60
2006-03-22,11970.70
2006-03-23,12017.90
2006-03-24,12111.10
2006-03-27,12078.50
2006-03-28,12048.80
2006-03-29,12190.60
2006-03-30,12207.00
2006-03-31,12110.60
2006-04-03,12210.90
2006-04-04,12174.10
2006-04-05,12299.10
2006-04-06,12342.00
2006-04-07,12241.20
2006-04-10,12289.70
2006-04-11,12177.30
2006-04-12,12167.70
2006-04-13,12248.60
2006-04-17,12309.00
2006-04-18,12446.80
2006-04-19,12487.30
2006-04-20,12313.70
2006-04-21,12437.20
2006-04-24,12342.20
2006-04-25,12329.80
2006-04-26,12321.70
2006-04-27,12187.70
2006-04-28,12204.20
2006-05-01,12234.60
2006-05-02,12274.50
2006-05-03,12196.20
2006-05-04,12125.90
2006-05-05,12270.10
2006-05-08,12294.20
2006-05-09,12328.20
2006-05-10,12316.30
2006-05-11,12165.40
2006-05-12,12038.10
2006-05-15,11831.70
2006-05-16,11829.40
2006-05-17,11640.60
2006-05-18,11540.00
2006-05-19,11545.80
2006-05-23,11539.90
2006-05-24,11423.90
2006-05-25,11653.00
2006-05-26,11762.80
2006-05-29,11845.50
2006-05-30,11705.40
2006-05-31,11744.50
2006-06-01,11847.00
2006-06-02,11898.70
2006-06-05,11699.50
2006-06-06,11666.10
2006-06-07,11475.40
2006-06-08,11415.50
2006-06-09,11390.70
2006-06-12,11197.60
2006-06-13,10904.30
2006-06-14,10960.70
2006-06-15,11213.20
2006-06-16,11208.00
2006-06-19,11007.60
2006-06-20,10995.50
2006-06-21,11112.80
2006-06-22,11130.20
2006-06-23,11249.00
2006-06-26,11372.20
2006-06-27,11293.20
2006-06-28,11332.30
2006-06-29,11520.90
2006-06-30,11612.90
2006-07-04,11733.20
2006-07-05,11626.40
2006-07-06,11602.00
2006-07-07,11631.90
2006-07-10,11654.70
2006-07-11,11793.00
2006-07-12,11771.10
2006-07-13,11601.90
2006-07-14,11630.00
2006-07-17,11480.60
2006-07-18,11471.70
2006-07-19,11619.60
2006-07-20,11465.50
2006-07-21,11418.30
2006-07-24,11625.20
2006-07-25,11754.60
2006-07-26,11879.60
2006-07-27,11758.90
2006-07-28,11823.70
2006-07-31,11831.00
2006-08-01,11907.70
2006-08-02,11969.90
2006-08-03,11936.70
2006-08-04,11936.70
2006-08-08,11998.20
2006-08-09,12008.20
2006-08-10,11959.10
2006-08-11,11944.90
2006-08-14,11850.20
2006-08-15,11977.20
2006-08-16,12030.30
2006-08-17,12056.00
2006-08-18,12044.80
2006-08-21,12136.90
2006-08-22,12201.20
2006-08-23,12195.10
2006-08-24,12132.30
2006-08-25,12119.80
2006-08-28,12167.40
2006-08-29,12060.50
2006-08-30,12068.40
2006-08-31,12073.80
2006-09-01,12145.10
2006-09-05,12198.60
2006-09-06,11999.70
2006-09-07,11895.00
2006-09-08,11869.60
2006-09-11,11656.60
2006-09-12,11678.90
2006-09-13,11777.20
2006-09-14,11648.70
2006-09-15,11656.00
2006-09-18,11763.60
2006-09-19,11701.70
2006-09-20,11635.40
2006-09-21,11627.70
2006-09-22,11581.60
2006-09-25,11582.70
2006-09-26,11642.40
2006-09-27,11751.60
2006-09-28,11817.40
2006-09-29,11761.30
2006-10-02,11787.40
2006-10-03,11526.10
2006-10-04,11618.10
2006-10-05,11750.00
2006-10-06,11690.90
2006-10-10,11755.20
2006-10-11,11619.10
2006-10-12,11719.10
2006-10-13,11908.60
2006-10-16,12061.50
2006-10-17,11996.60
2006-10-18,11966.00
2006-10-19,12060.60
2006-10-20,12035.60
2006-10-23,12119.20
2006-10-24,12195.50
2006-10-25,12341.70
2006-10-26,12335.70
2006-10-27,12268.90
2006-10-30,12274.40
2006-10-31,12344.60
2006-11-01,12050.40
2006-11-02,12130.70
2006-11-03,12239.00
2006-11-06,12333.30
2006-11-07,12310.20
2006-11-08,12378.20
2006-11-09,12410.20
2006-11-10,12340.50
2006-11-13,12309.40
2006-11-14,12279.60
2006-11-15,12425.40
2006-11-16,12365.90
2006-11-17,12372.90
2006-11-20,12416.60
2006-11-21,12602.30
2006-11-22,12557.00
2006-11-23,12644.90
2006-11-24,12631.10
2006-11-27,12542.50
2006-11-28,12530.90
2006-11-29,12668.20
2006-11-30,12752.40
2006-12-01,12754.80
2006-12-04,12848.70
2006-12-05,12895.90
2006-12-06,12889.80
2006-12-07,12915.70
2006-12-08,12899.60
2006-12-11,12878.20
2006-12-12,12858.50
2006-12-13,12910.30
2006-12-14,13021.80
2006-12-15,12866.30
2006-12-18,12785.20
2006-12-19,12781.50
2006-12-20,12783.00
2006-12-21,12737.20
2006-12-22,12718.20
2006-12-27,12852.60
2006-12-28,12909.50
2006-12-29,12908.40
2007-01-02,12923.70
2007-01-03,12701.40
2007-01-04,12553.60
2007-01-05,12478.00
2007-01-08,12553.10
2007-01-09,12468.00
2007-01-10,12457.60
2007-01-11,12519.90
2007-01-12,12678.80
2007-01-15,12755.40
2007-01-16,12720.30
2007-01-17,12730.40
2007-01-18,12640.70
2007-01-19,12719.00
2007-01-22,12705.80
2007-01-23,12910.90
2007-01-24,13010.70
2007-01-25,12927.30
2007-01-26,12979.30
2007-01-29,12946.00
2007-01-30,13014.60
2007-01-31,13034.10
2007-02-01,13144.70
2007-02-02,13111.60
2007-02-05,13166.70
2007-02-06,13183.30
2007-02-07,13142.30
2007-02-08,13184.30
2007-02-09,13084.00
2007-02-12,13040.50
2007-02-13,13171.80
2007-02-14,13204.50
2007-02-15,13288.20
2007-02-16,13312.00
2007-02-19,13291.50
2007-02-20,13319.70
2007-02-21,13330.30
2007-02-22,13318.00
2007-02-23,13343.50
2007-02-26,13404.50
2007-02-27,13040.10
2007-02-28,13045.00
2007-03-01,12981.10
2007-03-02,12863.30
2007-03-05,12711.30
2007-03-06,12868.20
2007-03-07,12989.60
2007-03-08,13051.00
2007-03-09,13057.40
2007-03-12,13065.20
2007-03-13,12809.60
2007-03-14,12808.70
2007-03-15,12874.30
2007-03-16,12829.70
2007-03-19,13011.70
2007-03-20,12977.40
2007-03-21,13155.60
2007-03-22,13139.60
2007-03-23,13237.70
2007-03-26,13302.90
2007-03-27,13218.80
2007-03-28,13197.20
2007-03-29,13258.00
2007-03-30,13165.50
2007-04-02,13265.80
2007-04-03,13361.20
2007-04-04,13448.30
2007-04-05,13425.00
2007-04-09,13482.30
2007-04-10,13431.30
2007-04-11,13401.00
2007-04-12,13499.70
2007-04-13,13578.60
2007-04-16,13660.00
2007-04-17,13658.00
2007-04-18,13712.00
2007-04-19,13574.70
2007-04-20,13664.70
2007-04-23,13629.00
2007-04-24,13590.30
2007-04-25,13672.90
2007-04-26,13597.50
2007-04-27,13632.00
2007-04-30,13416.70
2007-05-01,13406.30
2007-05-02,13578.70
2007-05-03,13687.00
2007-05-04,13769.90
2007-05-07,13865.50
2007-05-08,13915.40
2007-05-09,13895.20
2007-05-10,13853.10
2007-05-11,14003.80
2007-05-14,13903.30
2007-05-15,13934.60
2007-05-16,14025.00
2007-05-17,14100.70
2007-05-18,14105.30
2007-05-22,14112.20
2007-05-23,14142.50
2007-05-24,13946.30
2007-05-25,14024.10
2007-05-28,14073.70
2007-05-29,13962.70
2007-05-30,14081.70
2007-05-31,14056.80
2007-06-01,14119.40
2007-06-04,14146.70
2007-06-05,14141.70
2007-06-06,13941.60
2007-06-07,13703.90
2007-06-08,13798.50
2007-06-11,13832.80
2007-06-12,13724.30
2007-06-13,13859.50
2007-06-14,14002.00
2007-06-15,14137.40
2007-06-18,14176.40
2007-06-19,14119.50
2007-06-20,13978.20
2007-06-21,14095.70
2007-06-22,13986.00
2007-06-25,13841.90
2007-06-26,13663.90
2007-06-27,13741.90
2007-06-28,13715.70
2007-06-29,13906.60
2007-07-03,14064.70
2007-07-04,14060.40
2007-07-05,14079.40
2007-07-06,14118.70
2007-07-09,14177.50
2007-07-10,14131.90
2007-07-11,14166.10
2007-07-12,14356.00
2007-07-13,14496.50
2007-07-16,14338.30
2007-07-17,14382.00
2007-07-18,14583.70
2007-07-19,14625.80
2007-07-20,14582.90
2007-07-23,14468.30
2007-07-24,14068.20
2007-07-25,14105.30
2007-07-26,13844.60
2007-07-27,13748.50
2007-07-30,13864.70
2007-07-31,13868.60
2007-08-01,13654.70
2007-08-02,13813.60
2007-08-03,13565.20
2007-08-07,13560.60
2007-08-08,13758.20
2007-08-09,13478.00
2007-08-10,13466.30
2007-08-13,13427.50
2007-08-14,13242.60
2007-08-15,13048.80
2007-08-16,12848.70
2007-08-17,13049.60
2007-08-20,13110.30
2007-08-21,13238.70
2007-08-22,13463.10
2007-08-23,13451.10
2007-08-24,13520.30
2007-08-27,13487.40
2007-08-28,13264.90
2007-08-29,13490.10
2007-08-30,13444.60
2007-08-31,13660.50
2007-09-04,13755.20
2007-09-05,13683.30
2007-09-06,13795.70
2007-09-07,13651.20
2007-09-10,13625.50
2007-09-11,13704.30
2007-09-12,13756.70
2007-09-13,13843.20
2007-09-14,13846.40
2007-09-17,13809.90
2007-09-18,14005.40
2007-09-19,13939.80
2007-09-20,13838.40
2007-09-21,13940.10
2007-09-24,13958.30
2007-09-25,13997.60
2007-09-26,14035.00
2007-09-27,14129.70
2007-09-28,14098.90
2007-10-01,14200.60
2007-10-02,14152.70
2007-10-03,14020.90
2007-10-04,14125.10
2007-10-05,14233.30
2007-10-09,14262.20
2007-10-10,14276.20
2007-10-11,14229.40
2007-10-12,14295.90
2007-10-15,14231.30
2007-10-16,14153.00
2007-10-17,14219.50
2007-10-18,14332.00
2007-10-19,14001.70
2007-10-22,14043.60
2007-10-23,14087.50
2007-10-24,14088.50
2007-10-25,14124.90
2007-10-26,14296.40
2007-10-29,14427.40
2007-10-30,14312.10
2007-10-31,14625.00
2007-11-01,14372.50
2007-11-02,14363.90
2007-11-05,14273.40
2007-11-06,14370.60
2007-11-07,14118.20
2007-11-08,14128.60
2007-11-09,13869.80
2007-11-12,13605.00
2007-11-13,13705.10
2007-11-14,13774.50
2007-11-15,13524.40
2007-11-16,13530.40
2007-11-19,13348.20
2007-11-20,13459.80
2007-11-21,13280.60
2007-11-22,13381.00
2007-11-23,13467.20
2007-11-26,13321.10
2007-11-27,13369.10
2007-11-28,13632.20
2007-11-29,13663.90
2007-11-30,13689.10
2007-12-03,13657.20
2007-12-04,13579.60
2007-12-05,13734.50
2007-12-06,13849.80
2007-12-07,13863.00
2007-12-10,13940.40
2007-12-11,13723.70
2007-12-12,13809.40
2007-12-13,13747.30
2007-12-14,13674.20
2007-12-17,13387.10
2007-12-18,13358.10
2007-12-19,13389.80
2007-12-20,13407.00
2007-12-21,13596.10
2007-12-24,13694.80
2007-12-27,13675.60
2007-12-28,13821.30
2007-12-31,13833.10
2008-01-02,13926.80
2008-01-03,13978.20
2008-01-04,13778.60
2008-01-07,13618.90
2008-01-08,13541.80
2008-01-09,13579.90
2008-01-10,13642.70
2008-01-11,13632.60
2008-01-14,13698.30
2008-01-15,13316.80
2008-01-16,13074.90
2008-01-17,12795.60
2008-01-18,12737.10
2008-01-21,12132.10
2008-01-22,12640.90
2008-01-23,12657.40
2008-01-24,12907.30
2008-01-25,12894.80
2008-01-28,12986.90
2008-01-29,13046.40
2008-01-30,12998.20
2008-01-31,13155.10
2008-02-01,13318.40
2008-02-04,13258.20
2008-02-05,12932.00
2008-02-06,12867.20
2008-02-07,12925.40
2008-02-08,12989.30
2008-02-11,13130.90
2008-02-12,13087.40
2008-02-13,13282.30
2008-02-14,13208.00
2008-02-15,13226.80
2008-02-19,13447.70
2008-02-20,13551.70
2008-02-21,13509.60
2008-02-22,13585.90
2008-02-25,13697.50
2008-02-26,13797.00
2008-02-27,13778.40
2008-02-28,13873.90
2008-02-29,13582.70
2008-03-03,13544.40
2008-03-04,13476.80
2008-03-05,13603.30
2008-03-06,13360.40
2008-03-07,13281.70
2008-03-10,13005.10
2008-03-11,13344.50
2008-03-12,13297.40
2008-03-13,13443.50
2008-03-14,13252.80
2008-03-17,12952.20
2008-03-18,13136.70
2008-03-19,12709.40
2008-03-20,12775.60
2008-03-24,13019.70
2008-03-25,13322.20
2008-03-26,13391.90
2008-03-27,13405.80
2008-03-28,13233.80
2008-03-31,13350.10
2008-04-01,13440.70
2008-04-02,13514.10
2008-04-03,13551.30
2008-04-04,13668.20
2008-04-07,13745.00
2008-04-08,13727.50
2008-04-09,13750.60
2008-04-10,13909.60
2008-04-11,13683.00
2008-04-14,13738.60
2008-04-15,13851.00
2008-04-16,14099.50
2008-04-17,14115.50
2008-04-18,14237.10
2008-04-21,14321.20
2008-04-22,14266.30
2008-04-23,14069.80
2008-04-24,13966.30
2008-04-25,14103.90
2008-04-28,14085.90
2008-04-29,13825.60
2008-04-30,13937.00
2008-05-01,14065.80
2008-05-02,14280.30
2008-05-05,14274.30
2008-05-06,14414.30
2008-05-07,14371.50
2008-05-08,14608.00
2008-05-09,14521.20
2008-05-12,14666.10
2008-05-13,14616.70
2008-05-14,14626.30
2008-05-15,14828.10
2008-05-16,14984.20
2008-05-20,15047.30
2008-05-21,14790.40
2008-05-22,14792.40
2008-05-23,14723.40
2008-05-26,14758.60
2008-05-27,14522.10
2008-05-28,14688.60
2008-05-29,14577.20
2008-05-30,14714.70
2008-06-02,14814.20
2008-06-03,14728.60
2008-06-04,14690.50
2008-06-05,14982.90
2008-06-06,14969.60
2008-06-09,14960.80
2008-06-10,14736.20
2008-06-11,14716.50
2008-06-12,14602.60
2008-06-13,14778.50
2008-06-16,14944.30
2008-06-17,15068.80
2008-06-18,15073.10
2008-06-19,14790.20
2008-06-20,14580.70
2008-06-23,14691.80
2008-06-24,14409.60
2008-06-25,14441.10
2008-06-26,14292.10
2008-06-27,14355.20
2008-06-30,14467.00
2008-07-02,14034.10
2008-07-03,14143.60
2008-07-04,14010.40
2008-07-07,13712.80
2008-07-08,13809.80
2008-07-09,13610.80
2008-07-10,13743.90
2008-07-11,13709.10
2008-07-14,13741.30
2008-07-15,13357.60
2008-07-16,13503.80
2008-07-17,13460.30
2008-07-18,13516.00
2008-07-21,13689.20
2008-07-22,13643.20
2008-07-23,13512.70
2008-07-24,13206.10
2008-07-25,13378.80
2008-07-28,13304.00
2008-07-29,13342.60
2008-07-30,13683.20
2008-07-31,13592.90
2008-08-01,13496.50
2008-08-05,13242.20
2008-08-06,13453.50
2008-08-07,13385.20
2008-08-08,13341.70
2008-08-11,13203.20
2008-08-12,13167.00
2008-08-13,13377.20
2008-08-14,13358.90
2008-08-15,13096.70
2008-08-18,13119.40
2008-08-19,13063.90
2008-08-20,13350.10
2008-08-21,13539.20
2008-08-22,13447.30
2008-08-25,13289.00
2008-08-26,13299.10
2008-08-27,13530.70
2008-08-28,13750.50
2008-08-29,13771.30
2008-09-02,13299.50
2008-09-03,13137.70
2008-09-04,12814.10
2008-09-05,12816.40
2008-09-08,12634.60
2008-09-09,12146.80
2008-09-10,12497.20
2008-09-11,12612.80
2008-09-12,12769.60
2008-09-15,12254.00
2008-09-16,12227.00
2008-09-17,11877.70
2008-09-18,12064.60
2008-09-19,12913.00
2008-09-22,12638.10
2008-09-23,12532.60
2008-09-24,12513.40
2008-09-25,12546.50
2008-09-26,12126.00
2008-09-29,11285.10
2008-09-30,11752.90
2008-10-01,11714.50
2008-10-02,10900.50
2008-10-03,10803.40
2008-10-06,10230.40
2008-10-07,9829.60
2008-10-08,10056.30
2008-10-09,9600.20
2008-10-10,9065.20
2008-10-14,9955.70
2008-10-15,9323.90
2008-10-16,9270.00
2008-10-17,9562.50
2008-10-20,10251.40
2008-10-21,9795.80
2008-10-22,9236.90
2008-10-23,9331.40
2008-10-24,9294.10
2008-10-27,8537.30
2008-10-28,9151.60
2008-10-29,9501.60
2008-10-30,9856.20
2008-10-31,9762.80
2008-11-03,9721.30
2008-11-04,10116.60
2008-11-05,9887.20
2008-11-06,9555.40
2008-11-07,9596.20
2008-11-10,9688.80
2008-11-11,9424.00
2008-11-12,8922.60
2008-11-13,9352.80
2008-11-14,9056.00
2008-11-17,8795.50
2008-11-18,8835.70
2008-11-19,8490.60
2008-11-20,7724.80
2008-11-21,8155.40
2008-11-24,8440.90
2008-11-25,8442.90
2008-11-26,8643.50
2008-11-27,8753.80
2008-11-28,9270.60
2008-12-01,8406.20
2008-12-02,8327.80
2008-12-03,8297.00
2008-12-04,8057.80
2008-12-05,8117.00
2008-12-08,8567.10
2008-12-09,8397.60
2008-12-10,8634.00
2008-12-11,8391.90
2008-12-12,8515.50
2008-12-15,8461.80
2008-12-16,8724.10
2008-12-17,8724.10
2008-12-18,8425.40
2008-12-19,8552.00
2008-12-22,8249.50
2008-12-23,8311.90
2008-12-24,8310.60
2008-12-29,8637.30
2008-12-30,8830.70
2008-12-31,8987.70
2009-01-02,9234.10
2009-01-05,9285.50
2009-01-06,9472.10
2009-01-07,9121.30
2009-01-08,9221.60
2009-01-09,9085.20
2009-01-12,8793.30
2009-01-13,8961.60
2009-01-14,8688.40
2009-01-15,8879.60
2009-01-16,8920.40
2009-01-19,8841.50
2009-01-20,8504.90
2009-01-21,8757.90
2009-01-22,8486.60
2009-01-23,8628.00
2009-01-26,8656.50
2009-01-27,8759.60
2009-01-28,8906.20
2009-01-29,8762.80
2009-01-30,8694.90
2009-02-02,8624.80
2009-02-03,8628.60
2009-02-04,8693.10
2009-02-05,8861.00
2009-02-06,9008.00
2009-02-09,9047.30
2009-02-10,8817.90
2009-02-11,8737.90
2009-02-12,8778.80
2009-02-13,8678.10
2009-02-17,8378.70
2009-02-18,8176.00
2009-02-19,8185.40
2009-02-20,7950.00
2009-02-23,7647.70
2009-02-24,7859.30
2009-02-25,7932.30
2009-02-26,8186.80
2009-02-27,8123.00
2009-03-02,7687.50
2009-03-03,7631.60
2009-03-04,7814.80
2009-03-05,7629.20
2009-03-06,7591.50
2009-03-09,7566.90
2009-03-10,7880.40
2009-03-11,8011.00
2009-03-12,8282.30
2009-03-13,8303.40
2009-03-16,8386.70
2009-03-17,8559.60
2009-03-18,8629.10
2009-03-19,8690.50
2009-03-20,8506.40
2009-03-23,8958.50
2009-03-24,8849.40
2009-03-25,8797.40
2009-03-26,8995.50
2009-03-27,8821.10
2009-03-30,8596.20
2009-03-31,8720.40
2009-04-01,8941.80
2009-04-02,9073.10
2009-04-03,9065.80
2009-04-06,9016.20
2009-04-07,8824.80
2009-04-08,8969.30
2009-04-09,9187.10
2009-04-13,9285.60
2009-04-14,9231.60
2009-04-15,9246.10
2009-04-16,9343.40
2009-04-17,9437.70
2009-04-20,9126.20
2009-04-21,9247.20
2009-04-22,9279.20
2009-04-23,9409.50
2009-04-24,9549.50
2009-04-27,9394.80
2009-04-28,9348.00
2009-04-29,9416.30
2009-04-30,9324.80
2009-05-01,9497.00
2009-05-04,9870.40
2009-05-05,9880.70
2009-05-06,10143.40
2009-05-07,9967.10
2009-05-08,10238.00
2009-05-11,10094.10
2009-05-12,10077.70
2009-05-13,9709.50
2009-05-14,9849.20
2009-05-15,9762.90
2009-05-19,10101.00
2009-05-20,10232.40
2009-05-21,9949.60
2009-05-22,9993.40
2009-05-25,10069.50
2009-05-26,10285.90
2009-05-27,10142.20
2009-05-28,10392.40
2009-05-29,10370.10
2009-06-01,10604.10
2009-06-02,10588.80
2009-06-03,10290.10
2009-06-04,10477.20
2009-06-05,10569.30
2009-06-08,10549.10
2009-06-09,10547.90
2009-06-10,10598.00
2009-06-11,10714.10
2009-06-12,10645.00
2009-06-15,10394.80
2009-06-16,10307.40
2009-06-17,10066.10
2009-06-18,10121.50
2009-06-19,10288.00
2009-06-22,9834.20
2009-06-23,9896.70
2009-06-24,10100.90
2009-06-25,10355.90
2009-06-26,10389.80
2009-06-29,10476.80
2009-06-30,10374.90
2009-07-02,10245.90
2009-07-03,10283.10
2009-07-06,10027.40
2009-07-07,9844.40
2009-07-08,9653.50
2009-07-09,9773.90
2009-07-10,9747.10
2009-07-13,9891.90
2009-07-14,9986.20
2009-07-15,10215.50
2009-07-16,10304.40
2009-07-17,10369.40
2009-07-20,10540.70
2009-07-21,10515.30
2009-07-22,10432.40
2009-07-23,10675.70
2009-07-24,10687.90
2009-07-27,10757.40
2009-07-28,10570.50
2009-07-29,10455.30
2009-07-30,10676.70
2009-07-31,10787.20
2009-08-04,11018.10
2009-08-05,11046.90
2009-08-06,10793.40
2009-08-07,10885.30
2009-08-10,10793.70
2009-08-11,10629.50
2009-08-12,10659.90
2009-08-13,10825.60
2009-08-14,10848.00
2009-08-17,10531.60
2009-08-18,10673.80
2009-08-19,10686.80
2009-08-20,10700.50
2009-08-21,10831.20
2009-08-24,10790.00
2009-08-25,10920.50
2009-08-26,10912.20
2009-08-27,10934.00
2009-08-28,10978.00
2009-08-31,10868.20
2009-09-01,10689.80
2009-09-02,10701.30
2009-09-03,10921.50
2009-09-04,11017.50
2009-09-08,11105.30
2009-09-09,11000.20
2009-09-10,11155.00
2009-09-11,11253.20
2009-09-14,11332.00
2009-09-15,11495.80
2009-09-16,11555.60
2009-09-17,11528.20
2009-09-18,11446.00
2009-09-21,11424.60
2009-09-22,11585.70
2009-09-23,11517.50
2009-09-24,11285.80
2009-09-25,11212.40
2009-09-28,11338.70
2009-09-29,11395.00
2009-09-30,11395.00
2009-10-01,11071.80
2009-10-02,10958.30
2009-10-05,11102.60
2009-10-06,11248.00
2009-10-07,11349.90
2009-10-08,11484.50
2009-10-09,11436.90
2009-10-13,11413.50
2009-10-14,11532.80
2009-10-15,11504.50
2009-10-16,11504.80
2009-10-19,11538.40
2009-10-20,11538.10
2009-10-21,11442.00
2009-10-22,11533.40
2009-10-23,11382.10
2009-10-26,11234.90
2009-10-27,11053.50
2009-10-28,10805.30
2009-10-29,11075.20
2009-10-30,10910.80
2009-11-02,10878.40
2009-11-03,11025.90
2009-11-04,11071.20
2009-11-05,11180.70
2009-11-06,11250.40
2009-11-09,11486.90
2009-11-10,11426.70
2009-11-11,11439.80
2009-11-12,11360.80
2009-11-13,11407.70
2009-11-16,11512.30
2009-11-17,11630.00
2009-11-18,11652.70
2009-11-19,11600.30
2009-11-20,11579.30
2009-11-23,11624.00
2009-11-24,11539.60
2009-11-25,11636.90
2009-11-26,11436.80
2009-11-27,11464.40
2009-11-30,11447.20
2009-12-01,11707.30
2009-12-02,11779.70
2009-12-03,11636.60
2009-12-04,11510.80
2009-12-07,11489.60
2009-12-08,11368.90
2009-12-09,11379.20
2009-12-10,11464.60
2009-12-11,11423.90
2009-12-14,11545.70
2009-12-15,11541.00
2009-12-16,11637.00
2009-12-17,11473.10
2009-12-18,11463.40
2009-12-21,11554.70
2009-12-22,11628.00
2009-12-23,11658.70
2009-12-24,11754.60
2009-12-29,11701.80
2009-12-30,11717.50
2009-12-31,11746.10
2010-01-04,11866.90
2010-01-05,11888.10
2010-01-06,11944.50
2010-01-07,11887.50
2010-01-08,11953.80
2010-01-11,11947.10
2010-01-12,11820.20
2010-01-13,11853.60
2010-01-14,11804.40
2010-01-15,11685.40
2010-01-18,11750.50
2010-01-19,11763.40
2010-01-20,11679.30
2010-01-21,11469.10
2010-01-22,11343.40
2010-01-25,11354.50
2010-01-26,11361.20
2010-01-27,11344.10
2010-01-28,11274.20
2010-01-29,11094.30
2010-02-01,11317.60
2010-02-02,11408.30
2010-02-03,11390.50
2010-02-04,11128.80
2010-02-05,11223.10
2010-02-08,11115.30
2010-02-09,11274.20
2010-02-10,11286.30
2010-02-11,11435.50
2010-02-12,11469.80
2010-02-16,11586.40
2010-02-17,11635.50
2010-02-18,11694.80
2010-02-19,11709.30
2010-02-22,11634.80
2010-02-23,11526.70
2010-02-24,11521.80
2010-02-25,11631.40
2010-02-26,11629.60
2010-03-01,11728.10
2010-03-02,11828.30
2010-03-03,11852.90
2010-03-04,11825.00
2010-03-05,11975.10
2010-03-08,11963.80
2010-03-09,11918.70
2010-03-10,11961.10
2010-03-11,11979.70
2010-03-12,12013.80
2010-03-15,12008.80
2010-03-16,12089.40
2010-03-17,12100.70
2010-03-18,12040.00
2010-03-19,11948.00
2010-03-22,11967.20
2010-03-23,12044.50
2010-03-24,11963.00
2010-03-25,11958.10
2010-03-26,11957.40
2010-03-29,12029.70
2010-03-30,12044.20
2010-03-31,12037.70
2010-04-01,12151.10
2010-04-05,12186.40
2010-04-06,12156.70
2010-04-07,12110.90
2010-04-08,12113.50
2010-04-09,12176.80
2010-04-12,12148.70
2010-04-13,12101.50
2010-04-14,12204.40
2010-04-15,12211.50
2010-04-16,12070.70
2010-04-19,12103.00
2010-04-20,12113.50
2010-04-21,12134.60
2010-04-22,12160.90
2010-04-23,12239.60
2010-04-26,12281.00
2010-04-27,12146.70
2010-04-28,12076.90
2010-04-29,12200.30
2010-04-30,12210.70
2010-05-03,12196.50
2010-05-04,12030.90
2010-05-05,11875.10
2010-05-06,11842.40
2010-05-07,11692.40
2010-05-10,11947.90
2010-05-11,12000.60
2010-05-12,12196.00
2010-05-13,12116.60
2010-05-14,12015.00
2010-05-17,11813.00
2010-05-18,11764.50
2010-05-19,11665.80
2010-05-20,11406.00
2010-05-21,11521.40
2010-05-25,11518.10
2010-05-26,11543.90
2010-05-27,11749.10
2010-05-28,11671.40
2010-05-31,11763.00
2010-06-01,11572.00
2010-06-02,11780.70
2010-06-03,11811.90
2010-06-04,11569.60
2010-06-07,11504.70
2010-06-08,11517.20
2010-06-09,11450.60
2010-06-10,11635.90
2010-06-11,11666.90
2010-06-14,11667.30
2010-06-15,11907.50
2010-06-16,11921.10
2010-06-17,11946.00
2010-06-18,11927.60
2010-06-21,11936.10
2010-06-22,11797.90
2010-06-23,11807.50
2010-06-24,11670.20
2010-06-25,11707.90
2010-06-28,11607.00
2010-06-29,11263.80
2010-06-30,11294.40
2010-07-02,11196.10
2010-07-05,11092.50
2010-07-06,11200.20
2010-07-07,11397.30
2010-07-08,11433.40
2010-07-09,11570.50
2010-07-12,11565.80
2010-07-13,11672.80
2010-07-14,11620.20
2010-07-15,11741.80
2010-07-16,11569.70
2010-07-19,11543.50
2010-07-20,11629.90
2010-07-21,11513.30
2010-07-22,11667.80
2010-07-23,11714.20
2010-07-26,11746.10
2010-07-27,11716.70
2010-07-28,11696.60
2010-07-29,11728.60
2010-07-30,11713.40
2010-08-03,11782.60
2010-08-04,11845.10
2010-08-05,11774.80
2010-08-06,11800.00
2010-08-09,11863.60
2010-08-10,11838.30
2010-08-11,11582.20
2010-08-12,11523.60
2010-08-13,11528.30
2010-08-16,11552.80
2010-08-17,11728.60
2010-08-18,11781.10
2010-08-19,11710.20
2010-08-20,11722.10
2010-08-23,11718.60
2010-08-24,11557.40
2010-08-25,11648.10
2010-08-26,11653.20
2010-08-27,11879.70
2010-08-30,11895.60
2010-08-31,11913.90
2010-09-01,12003.80
2010-09-02,12111.10
2010-09-03,12144.90
2010-09-07,12102.00
2010-09-08,12042.30
2010-09-09,12033.50
2010-09-10,12097.10
2010-09-13,12149.90
2010-09-14,12193.00
2010-09-15,12144.80
2010-09-16,12173.40
2010-09-17,12164.60
2010-09-20,12234.50
2010-09-21,12170.60
2010-09-22,12147.30
2010-09-23,12101.80
2010-09-24,12204.90
2010-09-27,12190.60
2010-09-28,12278.90
2010-09-29,12382.80
2010-09-30,12368.70
2010-10-01,12363.10
2010-10-04,12322.90
2010-10-05,12498.00
2010-10-06,12501.70
2010-10-07,12445.90
2010-10-08,12535.60
2010-10-12,12575.60
2010-10-13,12673.30
2010-10-14,12619.70
2010-10-15,12609.10
2010-10-18,12668.00
2010-10-19,12570.60
2010-10-20,12649.90
2010-10-21,12599.20
2010-10-22,12601.20
2010-10-25,12663.60
2010-10-26,12684.70
2010-10-27,12567.30
2010-10-28,12564.10
2010-10-29,12676.20
2010-11-01,12664.80
2010-11-02,12681.40
2010-11-03,12671.10
2010-11-04,12878.80
2010-11-05,12925.10
2010-11-08,13052.50
2010-11-09,12916.60
2010-11-10,12942.60
2010-11-11,12934.70
2010-11-12,12749.20
2010-11-15,12735.40
2010-11-16,12602.20
2010-11-17,12657.80
2010-11-18,12870.00
2010-11-19,12956.30
2010-11-22,12929.00
2010-11-23,12793.80
2010-11-24,12902.00
2010-11-25,12945.80
2010-11-26,12892.70
2010-11-29,12895.70
2010-11-30,12952.90
2010-12-01,13148.40
2010-12-02,13163.50
2010-12-03,13179.00
2010-12-06,13276.00
2010-12-07,13250.70
2010-12-08,13152.00
2010-12-09,13166.90
2010-12-10,13239.50
2010-12-13,13295.90
2010-12-14,13280.10
2010-12-15,13229.10
2010-12-16,13181.20
2010-12-17,13201.50
2010-12-20,13193.30
2010-12-21,13365.20
2010-12-22,13380.70
2010-12-23,13371.20
2010-12-24,13383.20
2010-12-29,13449.20
2010-12-30,13434.40
2010-12-31,13443.20
2011-01-04,13402.30
2011-01-05,13396.00
2011-01-06,13311.70
2011-01-07,13272.30
2011-01-10,13245.10
2011-01-11,13401.10
2011-01-12,13460.20
2011-01-13,13401.50
2011-01-14,13464.10
2011-01-17,13440.10
2011-01-18,13559.20
2011-01-19,13439.00
2011-01-20,13331.30
2011-01-21,13258.60
2011-01-24,13347.60
2011-01-25,13259.60
2011-01-26,13465.80
2011-01-27,13410.20
2011-01-28,13437.60
2011-01-31,13552.00
2011-02-01,13712.60
2011-02-02,13680.30
2011-02-03,13841.40
2011-02-04,13791.90
2011-02-07,13811.90
2011-02-08,13892.50
2011-02-09,13784.30
2011-02-10,13840.60
2011-02-11,13766.80
2011-02-14,13910.80
2011-02-15,13929.40
2011-02-16,14059.20
2011-02-17,14136.20
2011-02-18,14123.10
2011-02-22,13963.70
2011-02-23,13956.20
2011-02-24,13867.30
2011-02-25,14052.10
2011-02-28,14136.50
2011-03-01,14122.90
2011-03-02,14144.00
2011-03-03,14214.70
2011-03-04,14252.80
2011-03-07,14092.40
2011-03-08,14013.00
2011-03-09,13884.70
2011-03-10,13638.60
2011-03-11,13674.30
2011-03-14,13619.20
2011-03-15,13547.00
2011-03-16,13524.80
2011-03-17,13746.20
2011-03-18,13789.60
2011-03-21,14013.70
2011-03-22,14000.00
2011-03-23,14087.20
2011-03-24,14029.40
2011-03-25,14039.40
2011-03-28,13892.70
2011-03-29,13930.40
2011-03-30,14083.60
2011-03-31,14116.10
2011-04-01,14130.20
2011-04-04,14218.40
2011-04-05,14270.50
2011-04-06,14202.70
2011-04-07,14107.80
2011-04-08,14208.40
2011-04-11,13996.90
2011-04-12,13801.40
2011-04-13,13833.60
2011-04-14,13821.80
2011-04-15,13799.10
2011-04-18,13702.30
2011-04-19,13736.80
2011-04-20,13897.50
2011-04-21,13972.00
2011-04-25,13907.30
2011-04-26,13909.10
2011-04-27,13892.60
2011-04-28,13894.40
2011-04-29,13944.80
2011-05-02,13934.50
2011-05-03,13692.40
2011-05-04,13611.30
2011-05-05,13455.40
2011-05-06,13566.60
2011-05-09,13677.10
2011-05-10,13642.10
2011-05-11,13419.70
2011-05-12,13389.40
2011-05-13,13377.20
2011-05-16,13391.40
2011-05-17,13441.10
2011-05-18,13607.30
2011-05-19,13625.10
2011-05-20,13652.30
2011-05-24,13595.10
2011-05-25,13751.50
2011-05-26,13775.90
2011-05-27,13797.60
2011-05-30,13829.70
2011-05-31,13802.90
2011-06-01,13527.90
2011-06-02,13519.50
2011-06-03,13517.90
2011-06-06,13318.70
2011-06-07,13282.90
2011-06-08,13183.80
2011-06-09,13255.70
2011-06-10,13084.00
2011-06-13,12939.70
2011-06-14,13097.80
2011-06-15,12972.00
2011-06-16,12853.10
2011-06-17,12790.00
2011-06-20,12857.70
2011-06-21,13063.30
2011-06-22,13060.60
2011-06-23,12979.60
2011-06-24,12908.90
2011-06-27,12966.50
2011-06-28,13105.00
2011-06-29,13188.90
2011-06-30,13300.90
2011-07-04,13386.50
2011-07-05,13425.30
2011-07-06,13403.10
2011-07-07,13406.00
2011-07-08,13371.70
2011-07-11,13179.80
2011-07-12,13234.10
2011-07-13,13324.90
2011-07-14,13252.90
2011-07-15,13299.50
2011-07-18,13254.10
2011-07-19,13332.90
2011-07-20,13340.80
2011-07-21,13434.30
2011-07-22,13494.60
2011-07-25,13436.00
2011-07-26,13300.60
2011-07-27,13032.70
2011-07-28,13047.80
2011-07-29,12945.60
2011-08-02,12752.30
2011-08-03,12816.00
2011-08-04,12380.10
2011-08-05,12162.20
2011-08-08,11671.00
2011-08-09,12109.30
2011-08-10,12198.90
2011-08-11,12539.80
2011-08-12,12542.20
2011-08-15,12683.60
2011-08-16,12530.70
2011-08-17,12579.60
2011-08-18,12186.70
2011-08-19,12007.50
2011-08-22,12068.40
2011-08-23,12338.30
2011-08-24,12343.80
2011-08-25,12284.30
2011-08-26,12327.50
2011-08-29,12504.90
2011-08-30,12634.70
2011-08-31,12768.70
2011-09-01,12700.70
2011-09-02,12602.40
2011-09-06,12518.50
2011-09-07,12720.60
2011-09-08,12684.00
2011-09-09,12387.50
2011-09-12,12148.80
2011-09-13,12205.50
2011-09-14,12293.40
2011-09-15,12424.80
2011-09-16,12263.70
2011-09-19,12172.00
2011-09-20,12209.90
2011-09-21,11955.00
2011-09-22,11562.50
2011-09-23,11462.90
2011-09-26,11707.20
2011-09-27,11821.10
2011-09-28,11585.90
2011-09-29,11686.30
2011-09-30,11623.80
2011-10-03,11251.80
2011-10-04,11177.90
2011-10-05,11457.20
2011-10-06,11780.10
2011-10-07,11588.40
2011-10-11,11875.60
2011-10-12,12030.00
2011-10-13,11911.90
2011-10-14,12081.70
2011-10-17,11923.00
2011-10-18,12053.10
2011-10-19,11849.50
2011-10-20,11830.30
2011-10-21,11949.50
2011-10-24,12162.30
2011-10-25,12109.80
2011-10-26,12186.10
2011-10-27,12465.40
2011-10-28,12519.50
2011-10-31,12252.10
2011-11-01,12115.10
2011-11-02,12241.80
2011-11-03,12468.40
2011-11-04,12408.30
2011-11-07,12462.00
2011-11-08,12488.90
2011-11-09,12156.20
2011-11-10,12108.90
2011-11-11,12276.90
2011-11-14,12224.20
2011-11-15,12229.30
2011-11-16,12174.40
2011-11-17,11915.40
2011-11-18,11892.40
2011-11-21,11784.70
2011-11-22,11795.20
2011-11-23,11571.70
2011-11-24,11485.30
2011-11-25,11462.10
2011-11-28,11640.20
2011-11-29,11732.50
2011-11-30,12204.10
2011-12-01,12113.30
2011-12-02,12075.10
2011-12-05,12119.30
2011-12-06,12081.30
2011-12-07,12148.70
2011-12-08,11951.80
2011-12-09,12034.80
2011-12-12,11907.90
2011-12-13,11759.90
2011-12-14,11543.10
2011-12-15,11504.40
2011-12-16,11635.40
2011-12-19,11539.70
2011-12-20,11716.90
2011-12-21,11753.50
2011-12-22,11876.50
2011-12-23,11926.70
2011-12-28,11728.40
2011-12-29,11841.70
2011-12-30,11955.10
2012-01-03,12208.40
2012-01-04,12226.50
2012-01-05,12237.40
2012-01-06,12188.60
2012-01-09,12196.70
2012-01-10,12270.70
2012-01-11,12260.90
2012-01-12,12274.30
2012-01-13,12231.10
2012-01-16,12258.60
2012-01-17,12232.80
2012-01-18,12327.50
2012-01-19,12380.70
2012-01-20,12397.10
2012-01-23,12521.70
2012-01-24,12395.20
2012-01-25,12539.20
2012-01-26,12464.30
2012-01-27,12466.50
2012-01-30,12436.40
2012-01-31,12452.20
2012-02-01,12517.70
2012-02-02,12553.50
2012-02-03,12577.30
2012-02-06,12559.90
2012-02-07,12512.40
2012-02-08,12521.00
2012-02-09,12497.90
2012-02-10,12389.40
2012-02-13,12398.70
2012-02-14,12354.50
2012-02-15,12362.00
2012-02-16,12485.60
2012-02-17,12458.30
2012-02-21,12623.40
2012-02-22,12701.30
2012-02-23,12731.30
2012-02-24,12725.80
2012-02-27,12700.40
2012-02-28,12740.50
2012-02-29,12644.00
2012-03-01,12723.50
2012-03-02,12643.80
2012-03-05,12524.00
2012-03-06,12298.60
2012-03-07,12350.20
2012-03-08,12461.90
2012-03-09,12503.60
2012-03-12,12428.00
2012-03-13,12537.70
2012-03-14,12377.90
2012-03-15,12455.80
2012-03-16,12497.00
2012-03-19,12479.70
2012-03-20,12430.70
2012-03-21,12436.50
2012-03-22,12361.80
2012-03-23,12465.70
2012-03-26,12574.80
2012-03-27,12512.00
2012-03-28,12413.90
2012-03-29,12339.40
2012-03-30,12392.20
2012-04-02,12507.10
2012-04-03,12323.60
2012-04-04,12178.70
2012-04-05,12103.10
2012-04-09,12018.50
2012-04-10,11935.30
2012-04-11,12026.80
2012-04-12,12214.70
2012-04-13,12040.40
2012-04-16,12037.60
2012-04-17,12136.90
2012-04-18,12128.90
2012-04-19,12153.70
2012-04-20,12147.30
2012-04-23,11989.00
2012-04-24,11980.10
2012-04-25,12111.10
2012-04-26,12145.90
2012-04-27,12237.80
2012-04-30,12292.70
2012-05-01,12332.80
2012-05-02,12230.10
2012-05-03,12014.90
2012-05-04,11871.20
2012-05-07,11860.70
2012-05-08,11704.70
2012-05-09,11675.00
2012-05-10,11736.20
2012-05-11,11694.70
2012-05-14,11488.50
2012-05-15,11343.10
2012-05-16,11326.10
2012-05-17,11330.70
2012-05-18,11280.60
2012-05-22,11451.80
2012-05-23,11564.80
2012-05-24,11566.10
2012-05-25,11576.50
2012-05-28,11566.20
2012-05-29,11609.30
2012-05-30,11433.20
2012-05-31,11513.20
2012-06-01,11361.20
2012-06-04,11335.80
2012-06-05,11507.70
2012-06-06,11633.40
2012-06-07,11592.10
2012-06-08,11500.60
2012-06-11,11401.80
2012-06-12,11497.30
2012-06-13,11497.90
2012-06-14,11466.40
2012-06-15,11524.90
2012-06-18,11601.10
2012-06-19,11788.40
2012-06-20,11759.30
2012-06-21,11408.30
2012-06-22,11435.50
2012-06-25,11330.40
2012-06-26,11334.40
2012-06-27,11410.90
2012-06-28,11424.70
2012-06-29,11596.60
2012-07-03,11848.80
2012-07-04,11913.90
2012-07-05,11817.00
2012-07-06,11660.00
2012-07-09,11634.70
2012-07-10,11512.20
2012-07-11,11544.60
2012-07-12,11425.50
2012-07-13,11514.50
2012-07-16,11521.20
2012-07-17,11571.20
2012-07-18,11579.20
2012-07-19,11665.70
2012-07-20,11622.90
2012-07-23,11545.50
2012-07-24,11467.00
2012-07-25,11492.50
2012-07-26,11639.80
2012-07-27,11766.40
2012-07-30,11757.90
2012-07-31,11664.70
2012-08-01,11618.50
2012-08-02,11506.50
2012-08-03,11662.60
2012-08-07,11863.50
2012-08-08,11781.00
2012-08-09,11858.10
2012-08-10,11890.90
2012-08-13,11838.30
2012-08-14,11853.60
2012-08-15,11905.40
2012-08-16,12032.60
2012-08-17,12089.90
2012-08-20,12076.00
2012-08-21,12116.90
2012-08-22,12119.00
2012-08-23,12062.50
2012-08-24,12082.20
2012-08-27,12048.80
2012-08-28,12009.90
2012-08-29,12009.80
2012-08-30,11886.70
2012-08-31,11949.30
2012-09-04,11941.70
2012-09-05,11990.10
2012-09-06,12139.70
2012-09-07,12268.00
2012-09-10,12215.40
2012-09-11,12220.50
2012-09-12,12232.60
2012-09-13,12360.20
2012-09-14,12499.50
2012-09-17,12446.90
2012-09-18,12422.70
2012-09-19,12436.20
2012-09-20,12409.30
2012-09-21,12383.60
2012-09-24,12313.50
2012-09-25,12257.20
2012-09-26,12232.90
2012-09-27,12338.90
2012-09-28,12317.50
2012-10-01,12370.20
2012-10-02,12391.20
2012-10-03,12359.50
2012-10-04,12447.70
2012-10-05,12419.00
2012-10-09,12273.60
2012-10-10,12212.40
2012-10-11,12234.00
2012-10-12,12202.00
2012-10-15,12230.00
2012-10-16,12407.70
2012-10-17,12461.30
2012-10-18,12466.10
2012-10-19,12416.00
2012-10-22,12403.50
2012-10-23,12225.80
2012-10-24,12195.00
2012-10-25,12300.20
2012-10-26,12300.30
2012-10-29,12312.80
2012-10-30,12377.00
2012-10-31,12422.90
2012-11-01,12499.80
2012-11-02,12380.40
2012-11-05,12352.80
2012-11-06,12361.20
2012-11-07,12230.60
2012-11-08,12191.10
2012-11-09,12196.80
2012-11-12,12191.50
2012-11-13,12134.70
2012-11-14,11929.80
2012-11-15,11811.40
2012-11-16,11877.70
2012-11-19,12040.40
2012-11-20,12046.30
2012-11-21,12100.10
2012-11-22,12153.10
2012-11-23,12213.20
2012-11-26,12185.10
2012-11-27,12111.60
2012-11-28,12140.30
2012-11-29,12202.90
2012-11-30,12239.40
2012-12-03,12169.70
2012-12-04,12137.20
2012-12-05,12157.30
2012-12-06,12151.10
2012-12-07,12159.60
2012-12-10,12230.50
2012-12-11,12282.40
2012-12-12,12353.10
2012-12-13,12289.20
2012-12-14,12296.70
2012-12-17,12281.40
2012-12-18,12334.30
2012-12-19,12403.60
2012-12-20,12388.70
2012-12-21,12385.70
2012-12-24,12370.80
2012-12-27,12373.80
2012-12-28,12316.10
2012-12-31,12433.50
2013-01-02,12540.80
2013-01-03,12470.40
2013-01-04,12540.80
2013-01-07,12499.60
2013-01-08,12504.80
2013-01-09,12522.20
2013-01-10,12599.70
2013-01-11,12602.20
2013-01-14,12603.10
2013-01-15,12642.00
2013-01-16,12608.80
2013-01-17,12674.70
2013-01-18,12725.70
2013-01-21,12794.30
2013-01-22,12824.60
2013-01-23,12794.10
2013-01-24,12823.60
2013-01-25,12816.60
2013-01-28,12815.90
2013-01-29,12830.60
2013-01-30,12794.40
2013-01-31,12685.20
2013-02-01,12768.80
2013-02-04,12717.60
2013-02-05,12745.70
2013-02-06,12761.60
2013-02-07,12755.90
2013-02-08,12801.20
2013-02-11,12748.20
2013-02-12,12789.00
2013-02-13,12775.30
2013-02-14,12721.80
2013-02-15,12686.60
2013-02-19,12810.20
2013-02-20,12714.10
2013-02-21,12640.00
2013-02-22,12701.60
2013-02-25,12650.90
2013-02-26,12660.40
2013-02-27,12732.40
2013-02-28,12821.80
2013-03-01,12773.10
2013-03-04,12707.40
2013-03-05,12736.00
2013-03-06,12832.00
2013-03-07,12826.50
2013-03-08,12835.60
2013-03-11,12858.50
2013-03-12,12878.60
2013-03-13,12744.10
2013-03-14,12799.90
2013-03-15,12830.00
2013-03-18,12781.80
2013-03-19,12773.90
2013-03-20,12826.60
2013-03-21,12747.90
2013-03-22,12757.40
2013-03-25,12680.70
2013-03-26,12706.40
2013-03-27,12699.70
2013-03-28,12749.90
2013-04-01,12695.10
2013-04-02,12682.10
2013-04-03,12422.10
2013-04-04,12363.10
2013-04-05,12331.90
2013-04-08,12344.60
2013-04-09,12484.10
2013-04-10,12534.90
2013-04-11,12481.40
2013-04-12,12337.60
2013-04-15,12004.90
2013-04-16,12119.90
2013-04-17,11947.30
2013-04-18,11996.30
2013-04-19,12065.60
2013-04-22,12090.70
2013-04-23,12090.90
2013-04-24,12270.40
2013-04-25,12329.50
2013-04-26,12220.20
2013-04-29,12312.70
2013-04-30,12456.50
2013-05-01,12321.30
2013-05-02,12379.60
2013-05-03,12438.00
2013-05-06,12453.90
2013-05-07,12464.10
2013-05-08,12585.00
2013-05-09,12543.90
2013-05-10,12589.10
2013-05-13,12529.50
2013-05-14,12577.00
2013-05-15,12473.70
2013-05-16,12507.60
2013-05-17,12613.00
2013-05-21,12742.40
2013-05-22,12752.50
2013-05-23,12658.10
2013-05-24,12667.20
2013-05-27,12696.40
2013-05-28,12750.50
2013-05-29,12732.60
2013-05-30,12746.50
2013-05-31,12650.40
2013-06-03,12609.80
2013-06-04,12594.00
2013-06-05,12443.70
2013-06-06,12409.30
2013-06-07,12373.30
2013-06-10,12382.70
2013-06-11,12223.60
2013-06-12,12109.90
2013-06-13,12277.10
2013-06-14,12187.40
2013-06-17,12288.90
2013-06-18,12367.50
2013-06-19,12268.30
2013-06-20,11968.60
2013-06-21,11995.70
2013-06-24,11836.90
2013-06-25,12005.40
2013-06-26,11951.90
2013-06-27,12005.80
2013-06-28,12129.10
2013-07-02,12178.40
2013-07-03,12145.70
2013-07-04,12166.70
2013-07-05,12134.90
2013-07-08,12208.90
2013-07-09,12297.10
2013-07-10,12306.90
2013-07-11,12493.30
2013-07-12,12462.20
2013-07-15,12528.30
2013-07-16,12516.90
2013-07-17,12568.80
2013-07-18,12628.80
2013-07-19,12685.10
2013-07-22,12758.40
2013-07-23,12745.40
2013-07-24,12672.30
2013-07-25,12669.10
2013-07-26,12647.90
2013-07-29,12669.00
2013-07-30,12581.80
2013-07-31,12486.60
2013-08-01,12594.00
2013-08-02,12603.30
2013-08-06,12469.30
2013-08-07,12412.70
2013-08-08,12552.90
2013-08-09,12542.10
2013-08-12,12594.30
2013-08-13,12642.20
2013-08-14,12639.30
2013-08-15,12704.50
2013-08-16,12736.90
2013-08-19,12588.00
2013-08-20,12670.10
2013-08-21,12573.10
2013-08-22,12674.40
2013-08-23,12762.30
2013-08-26,12760.30
2013-08-27,12591.20
2013-08-28,12607.20
2013-08-29,12704.70
2013-08-30,12653.90
2013-09-03,12740.50
2013-09-04,12757.80
2013-09-05,12845.10
2013-09-06,12820.90
2013-09-09,12854.60
2013-09-10,12824.50
2013-09-11,12825.40
2013-09-12,12701.00
2013-09-13,12723.40
2013-09-16,12816.90
2013-09-17,12834.10
2013-09-18,12931.40
2013-09-19,12926.80
2013-09-20,12806.50
2013-09-23,12811.20
2013-09-24,12848.90
2013-09-25,12836.70
2013-09-26,12841.60
2013-09-27,12844.10
2013-09-30,12787.20
2013-10-01,12847.40
2013-10-02,12839.00
2013-10-03,12735.10
2013-10-04,12758.70
2013-10-07,12788.30
2013-10-08,12692.40
2013-10-09,12730.30
2013-10-10,12894.40
2013-10-11,12892.10
2013-10-15,12931.50
2013-10-16,12957.20
2013-10-17,13036.40
2013-10-18,13136.10
2013-10-21,13186.50
2013-10-22,13248.10
2013-10-23,13243.30
2013-10-24,13324.80
2013-10-25,13399.40
2013-10-28,13371.80
2013-10-29,13440.60
2013-10-30,13455.30
2013-10-31,13361.30
2013-11-01,13337.50
2013-11-04,13361.80
2013-11-05,13361.70
2013-11-06,13380.40
2013-11-07,13294.20
2013-11-08,13378.30
2013-11-11,13358.40
2013-11-12,13326.00
2013-11-13,13370.70
2013-11-14,13431.40
2013-11-15,13482.60
2013-11-18,13458.10
2013-11-19,13442.80
2013-11-20,13430.00
2013-11-21,13475.30
2013-11-22,13478.30
2013-11-25,13472.20
2013-11-26,13349.80
2013-11-27,13362.10
2013-11-28,13370.80
2013-11-29,13395.40
2013-12-02,13419.60
2013-12-03,13319.90
2013-12-04,13304.90
2013-12-05,13200.40
2013-12-06,13280.70
2013-12-09,13312.80
2013-12-10,13324.00
2013-12-11,13133.40
2013-12-12,13114.40
2013-12-13,13125.70
2013-12-16,13184.40
2013-12-17,13180.20
2013-12-18,13334.70
2013-12-19,13392.20
2013-12-20,13399.60
2013-12-23,13447.70
2013-12-24,13518.00
2013-12-27,13588.00
2013-12-30,13581.40
2013-12-31,13621.60
2014-01-02,13594.20
2014-01-03,13548.90
2014-01-06,13495.50
2014-01-07,13596.90
2014-01-08,13614.60
2014-01-09,13629.40
2014-01-10,13747.50
2014-01-13,13681.50
2014-01-14,13692.40
2014-01-15,13772.60
2014-01-16,13831.60
2014-01-17,13888.20
2014-01-20,13990.30
2014-01-21,13951.80
2014-01-22,13988.20
2014-01-23,13933.00
2014-01-24,13717.80
2014-01-27,13582.30
2014-01-28,13687.70
2014-01-29,13643.20
2014-01-30,13735.30
2014-01-31,13694.90
2014-02-03,13486.20
2014-02-04,13504.50
2014-02-05,13559.70
2014-02-06,13713.40
2014-02-07,13786.50
2014-02-10,13794.20
2014-02-11,13881.00
2014-02-12,13900.50
2014-02-13,14001.70
2014-02-14,14054.80
2014-02-18,14077.50
2014-02-19,14119.70
2014-02-20,14210.40
2014-02-21,14205.70
2014-02-24,14227.10
2014-02-25,14189.00
2014-02-26,14188.60
2014-02-27,14214.70
2014-02-28,14209.60
2014-03-03,14212.70
2014-03-04,14289.90
2014-03-05,14304.20
2014-03-06,14271.90
2014-03-07,14299.10
2014-03-10,14302.10
2014-03-11,14267.20
2014-03-12,14319.00
2014-03-13,14245.10
2014-03-14,14227.70
2014-03-17,14231.90
2014-03-18,14369.00
2014-03-19,14334.00
2014-03-20,14361.80
2014-03-21,14335.80
2014-03-24,14278.60
2014-03-25,14299.50
2014-03-26,14184.10
2014-03-27,14178.80
2014-03-28,14260.70
2014-03-31,14335.30
2014-04-01,14380.60
2014-04-02,14459.10
2014-04-03,14402.20
2014-04-04,14393.10
2014-04-07,14270.30
2014-04-08,14372.50
2014-04-09,14435.60
2014-04-10,14308.00
2014-04-11,14257.70
2014-04-14,14284.40
2014-04-15,14303.90
2014-04-16,14446.50
2014-04-17,14500.40
2014-04-21,14493.70
2014-04-22,14556.00
2014-04-23,14533.40
2014-04-24,14554.30
2014-04-25,14533.60
2014-04-28,14530.90
2014-04-29,14583.10
2014-04-30,14651.90
2014-05-01,14664.10
2014-05-02,14765.20
2014-05-05,14697.00
2014-05-06,14612.30
2014-05-07,14656.40
2014-05-08,14546.00
2014-05-09,14534.10
2014-05-12,14654.90
2014-05-13,14679.80
2014-05-14,14673.70
2014-05-15,14588.90
2014-05-16,14514.70
2014-05-20,14525.20
2014-05-21,14649.90
2014-05-22,14702.30
2014-05-23,14708.10
2014-05-26,14715.70
2014-05-27,14658.00
2014-05-28,14611.00
2014-05-29,14589.00
2014-05-30,14604.20
2014-06-02,14680.80
2014-06-03,14734.70
2014-06-04,14796.80
2014-06-05,14800.20
2014-06-06,14838.90
2014-06-09,14871.20
2014-06-10,14904.40
2014-06-11,14892.10
2014-06-12,14909.60
2014-06-13,15001.60
2014-06-16,15040.40
2014-06-17,15055.90
2014-06-18,15109.30
2014-06-19,15112.20
2014-06-20,15109.00
2014-06-23,15105.60
2014-06-24,14962.40
2014-06-25,14974.70
2014-06-26,15030.70
2014-06-27,15094.30
2014-06-30,15146.00
2014-07-02,15209.80
2014-07-03,15207.10
2014-07-04,15215.00
2014-07-07,15172.90
2014-07-08,15137.20
2014-07-09,15215.20
2014-07-10,15114.50
2014-07-11,15125.50
2014-07-14,15171.20
2014-07-15,15081.30
2014-07-16,15226.30
2014-07-17,15204.50
2014-07-18,15266.60
2014-07-21,15250.00
2014-07-22,15315.10
2014-07-23,15394.40
2014-07-24,15394.50
2014-07-25,15455.00
2014-07-28,15445.20
2014-07-29,15446.60
2014-07-30,15524.80
2014-07-31,15330.70
2014-08-01,15215.30
2014-08-05,15187.70
2014-08-06,15202.10
2014-08-07,15118.40
2014-08-08,15196.30
2014-08-11,15261.60
2014-08-12,15274.20
2014-08-13,15262.70
2014-08-14,15291.20
2014-08-15,15304.20
2014-08-18,15338.50
2014-08-19,15477.20
2014-08-20,15562.00
2014-08-21,15556.10
2014-08-22,15535.60
2014-08-25,15598.70
2014-08-26,15619.20
2014-08-27,15602.70
2014-08-28,15558.20
2014-08-29,15625.70
2014-09-02,15619.10
2014-09-03,15657.60
2014-09-04,15576.80
2014-09-05,15569.90
2014-09-08,15509.40
2014-09-09,15536.80
2014-09-10,15471.90
2014-09-11,15534.30
2014-09-12,15531.60
2014-09-15,15482.60
2014-09-16,15510.50
2014-09-17,15458.90
2014-09-18,15465.50
2014-09-19,15265.40
2014-09-22,15129.00
2014-09-23,15125.70
2014-09-24,15120.50
2014-09-25,14893.60
2014-09-26,15026.80
2014-09-29,14976.90
2014-09-30,14960.50
2014-10-01,14805.40
2014-10-02,14760.60
2014-10-03,14789.80
2014-10-06,14743.10
2014-10-07,14576.50
2014-10-08,14666.50
2014-10-09,14460.60
2014-10-10,14227.40
2014-10-14,14036.70
2014-10-15,13869.90
2014-10-16,14053.00
2014-10-17,14227.70
2014-10-20,14337.80
2014-10-21,14547.70
2014-10-22,14312.10
2014-10-23,14486.80
2014-10-24,14543.80
2014-10-27,14469.00
2014-10-28,14624.30
2014-10-29,14527.60
2014-10-30,14458.70
2014-10-31,14613.30
2014-11-03,14537.60
2014-11-04,14390.40
2014-11-05,14548.30
2014-11-06,14563.40
2014-11-07,14690.80
2014-11-10,14709.80
2014-11-11,14760.30
2014-11-12,14856.20
2014-11-13,14778.80
2014-11-14,14843.10
2014-11-17,14882.50
2014-11-18,14973.00
2014-11-19,14980.20
2014-11-20,15075.20
2014-11-21,15111.10
2014-11-24,15015.40
2014-11-25,15073.70
2014-11-26,15038.40
2014-11-27,14922.40
2014-11-28,14744.70
2014-12-01,14625.30
2014-12-02,14620.10
2014-12-03,14754.10
2014-12-04,14583.40
2014-12-05,14473.70
2014-12-08,14144.20
2014-12-09,14195.70
2014-12-10,13853.00
2014-12-11,13905.10
2014-12-12,13731.10
2014-12-15,13705.10
2014-12-16,13861.50
2014-12-17,14213.90
2014-12-18,14346.80
2014-12-19,14468.30
2014-12-22,14432.40
2014-12-23,14594.00
2014-12-24,14609.30
2014-12-29,14663.90
2014-12-30,14640.00
2014-12-31,14632.40
2015-01-02,14753.70
2015-01-05,14392.70
2015-01-06,14246.80
2015-01-07,14285.00
2015-01-08,14457.70
2015-01-09,14384.90
2015-01-12,14265.00
2015-01-13,14187.20
2015-01-14,14084.40
2015-01-15,14041.80
2015-01-16,14309.40
2015-01-19,14312.50
2015-01-20,14308.40
2015-01-21,14560.40
2015-01-22,14764.00
2015-01-23,14779.40
2015-01-26,14797.80
2015-01-27,14833.90
2015-01-28,14602.90
2015-01-29,14637.30
2015-01-30,14673.50
2015-02-02,14900.50
2015-02-03,15062.90
2015-02-04,14995.70
2015-02-05,15124.90
2015-02-06,15083.90
2015-02-09,15100.70
2015-02-10,15112.50
2015-02-11,15151.50
2015-02-12,15228.50
2015-02-13,15264.80
2015-02-17,15284.60
2015-02-18,15212.80
2015-02-19,15180.30
2015-02-20,15172.20
2015-02-23,15200.30
2015-02-24,15165.00
2015-02-25,15228.60
2015-02-26,15241.20
2015-02-27,15234.30
2015-03-02,15264.10
2015-03-03,15133.90
2015-03-04,15082.80
2015-03-05,15103.10
2015-03-06,14952.50
2015-03-09,14854.50
2015-03-10,14641.80
2015-03-11,14739.20
2015-03-12,14770.70
2015-03-13,14731.50
2015-03-16,14862.80
2015-03-17,14898.50
2015-03-18,14962.20
2015-03-19,14873.90
2015-03-20,14942.40
2015-03-23,14957.20
2015-03-24,15081.30
2015-03-25,14929.40
2015-03-26,14869.80
2015-03-27,14812.40
2015-03-30,14908.40
2015-03-31,14902.40
2015-04-01,14942.60
2015-04-02,15026.60
2015-04-06,15100.70
2015-04-07,15188.80
2015-04-08,15213.60
2015-04-09,15326.30
2015-04-10,15388.40
2015-04-13,15383.60
2015-04-14,15389.30
2015-04-15,15450.90
2015-04-16,15386.80
2015-04-17,15360.60
2015-04-20,15412.60
2015-04-21,15346.40
2015-04-22,15304.80
2015-04-23,15392.40
2015-04-24,15408.30
2015-04-27,15344.10
2015-04-28,15346.10
2015-04-29,15347.30
2015-04-30,15224.50
2015-05-01,15339.80
2015-05-04,15367.50
2015-05-05,15173.90
2015-05-06,15023.90
2015-05-07,15088.80
2015-05-08,15170.00
2015-05-11,15152.60
2015-05-12,15043.20
2015-05-13,14980.70
2015-05-14,15028.10
2015-05-15,15108.10
2015-05-19,15121.00
2015-05-20,15072.80
2015-05-21,15203.60
2015-05-22,15200.80
2015-05-25,15187.40
2015-05-26,15050.80
2015-05-27,15110.50
2015-05-28,15107.00
2015-05-29,15014.10
2015-06-01,15074.10
2015-06-02,15104.70
2015-06-03,15154.70
2015-06-04,15019.40
2015-06-05,14957.20
2015-06-08,14743.30
2015-06-09,14817.70
2015-06-10,14889.00
2015-06-11,14830.90
2015-06-12,14741.20
2015-06-15,14756.10
2015-06-16,14753.10
2015-06-17,14733.00
2015-06-18,14770.60
2015-06-19,14653.10
2015-06-22,14790.50
2015-06-23,14904.90
2015-06-24,14947.50
2015-06-25,14897.50
2015-06-26,14808.10
2015-06-29,14490.20
2015-06-30,14553.30
2015-07-02,14638.00
2015-07-03,14682.40
2015-07-06,14593.60
2015-07-07,14624.50
2015-07-08,14412.10
2015-07-09,14278.50
2015-07-10,14411.10
2015-07-13,14533.20
2015-07-14,14599.40
2015-07-15,14662.30
2015-07-16,14731.10
2015-07-17,14642.80
2015-07-20,14425.60
2015-07-21,14376.20
2015-07-22,14307.10
2015-07-23,14265.40
2015-07-24,14186.20
2015-07-27,14001.40
2015-07-28,14077.40
2015-07-29,14301.80
2015-07-30,14382.80
2015-07-31,14468.40
2015-08-04,14491.10
2015-08-05,14503.00
2015-08-06,14405.90
2015-08-07,14302.70
2015-08-10,14466.40
2015-08-11,14414.70
2015-08-12,14339.50
2015-08-13,14238.40
2015-08-14,14277.90
2015-08-17,14251.50
2015-08-18,14193.90
2015-08-19,14036.60
2015-08-20,13737.00
2015-08-21,13473.70
2015-08-24,13052.70
2015-08-25,13150.90
2015-08-26,13381.60
2015-08-27,13766.70
2015-08-28,13865.10
2015-08-31,13859.10
2015-09-01,13481.90
2015-09-02,13545.30
2015-09-03,13596.40
2015-09-04,13478.30
2015-09-08,13630.70
2015-09-09,13531.90
2015-09-10,13569.90
2015-09-11,13461.50
2015-09-14,13353.30
2015-09-15,13462.70
2015-09-16,13763.80
2015-09-17,13787.20
2015-09-18,13646.90
2015-09-21,13779.40
2015-09-22,13491.10
2015-09-23,13383.70
2015-09-24,13338.70
2015-09-25,13378.60
2015-09-28,13004.60
2015-09-29,13037.00
2015-09-30,13307.00
2015-10-01,13241.90
2015-10-02,13339.70
2015-10-05,13552.20
2015-10-06,13647.30
2015-10-07,13868.40
2015-10-08,13978.70
2015-10-09,13964.40
2015-10-13,13844.70
2015-10-14,13875.30
2015-10-15,13829.00
2015-10-16,13838.10
2015-10-19,13758.40
2015-10-20,13841.90
2015-10-21,13704.20
2015-10-22,13878.10
2015-10-23,13953.70
2015-10-26,13790.90
2015-10-27,13699.60
2015-10-28,13863.20
2015-10-29,13791.90
2015-10-30,13529.20
2015-11-02,13623.00
2015-11-03,13710.30
2015-11-04,13661.80
2015-11-05,13558.80
2015-11-06,13553.30
2015-11-09,13482.60
2015-11-10,13411.60
2015-11-11,13341.90
2015-11-12,13127.20
2015-11-13,13075.40
2015-11-16,13317.50
2015-11-17,13280.40
2015-11-18,13400.00
2015-11-19,13473.80
2015-11-20,13433.50
2015-11-23,13382.40
2015-11-24,13407.80
2015-11-25,13403.40
2015-11-26,13425.20
2015-11-27,13368.20
2015-11-30,13469.80
2015-12-01,13636.10
2015-12-02,13463.80
2015-12-03,13324.70
2015-12-04,13358.80
2015-12-07,13042.80
2015-12-08,12922.50
2015-12-09,12937.60
2015-12-10,13016.60
2015-12-11,12790.00
2015-12-14,12695.50
2015-12-15,12919.60
2015-12-16,13166.10
2015-12-17,13009.90
2015-12-18,13024.30
2015-12-21,13034.40
2015-12-22,13082.90
2015-12-23,13284.90
2015-12-24,13309.80
2015-12-29,13245.80
2015-12-30,13142.30
2015-12-31,13010.00
2016-01-04,12927.20
2016-01-05,12920.10
2016-01-06,12726.80
2016-01-07,12448.20
2016-01-08,12445.50
2016-01-11,12319.30
2016-01-12,12373.90
2016-01-13,12170.40
2016-01-14,12336.00
2016-01-15,12073.50
2016-01-18,11942.20
2016-01-19,12002.20
2016-01-20,11843.10
2016-01-21,12035.90
2016-01-22,12389.60
2016-01-25,12143.20
2016-01-26,12331.30
2016-01-27,12377.80
2016-01-28,12591.90
2016-01-29,12822.10
2016-02-01,12674.40
2016-02-02,12442.30
2016-02-03,12593.00
2016-02-04,12774.50
2016-02-05,12764.00
2016-02-08,12535.40
2016-02-09,12282.70
2016-02-10,12185.70
2016-02-11,12087.40
2016-02-12,12381.20
2016-02-16,12555.00
2016-02-17,12867.20
2016-02-18,12931.40
2016-02-19,12813.40
2016-02-22,12845.60
2016-02-23,12763.40
2016-02-24,12740.30
2016-02-25,12753.60
2016-02-26,12797.80
2016-02-29,12860.40
2016-03-01,12982.10
2016-03-02,13017.90
2016-03-03,13123.70
2016-03-04,13212.50
2016-03-07,13383.60
2016-03-08,13311.10
2016-03-09,13392.90
2016-03-10,13379.10
2016-03-11,13522.00
2016-03-14,13477.50
2016-03-15,13400.30
2016-03-16,13478.10
2016-03-17,13621.30
2016-03-18,13497.10
2016-03-21,13561.10
2016-03-22,13493.50
2016-03-23,13379.50
2016-03-24,13358.10
2016-03-28,13390.20
2016-03-29,13426.20
2016-03-30,13504.00
2016-03-31,13494.40
2016-04-01,13440.40
2016-04-04,13336.20
2016-04-05,13304.70
2016-04-06,13347.50
2016-04-07,13266.40
2016-04-08,13396.70
2016-04-11,13422.80
2016-04-12,13581.40
2016-04-13,13671.40
2016-04-14,13668.30
2016-04-15,13637.20
2016-04-18,13719.80
2016-04-19,13867.30
2016-04-20,13911.30
2016-04-21,13881.20
2016-04-22,13874.00
2016-04-25,13796.00
2016-04-26,13809.40
2016-04-27,13887.70
2016-04-28,13886.40
2016-04-29,13951.50
2016-05-02,13865.60
2016-05-03,13707.70
2016-05-04,13632.00
2016-05-05,13632.00
2016-05-06,13701.50
2016-05-09,13563.80
2016-05-10,13775.20
2016-05-11,13788.20
2016-05-12,13787.80
2016-05-13,13748.60
2016-05-16,13893.50
2016-05-17,13917.10
2016-05-18,13826.00
2016-05-19,13817.30
2016-05-20,13919.60
2016-05-24,13952.90
2016-05-25,14053.70
2016-05-26,14049.20
2016-05-27,14105.20
2016-05-30,14086.70
2016-05-31,14065.80
2016-06-01,14063.50
2016-06-02,14137.00
2016-06-03,14226.80
2016-06-06,14276.20
2016-06-07,14365.60
2016-06-08,14313.10
2016-06-09,14240.00
2016-06-10,14037.50
2016-06-13,13993.90
2016-06-14,13884.20
2016-06-15,13923.50
2016-06-16,13882.40
2016-06-17,13901.80
2016-06-20,14015.10
2016-06-21,14012.30
2016-06-22,14003.80
2016-06-23,14131.40
2016-06-24,13891.90
2016-06-27,13689.80
2016-06-28,13842.70
2016-06-29,14036.70
2016-06-30,14064.50
2016-07-04,14258.90
2016-07-05,14219.60
2016-07-06,14231.10
2016-07-07,14134.50
2016-07-08,14259.80
2016-07-11,14361.90
2016-07-12,14477.70
2016-07-13,14493.80
2016-07-14,14514.50
2016-07-15,14482.40
2016-07-18,14532.40
2016-07-19,14524.60
2016-07-20,14533.60
2016-07-21,14565.80
2016-07-22,14600.70
2016-07-25,14498.10
2016-07-26,14550.00
2016-07-27,14546.50
2016-07-28,14552.70
2016-07-29,14582.70
2016-08-02,14477.00
2016-08-03,14512.10
2016-08-04,14528.80
2016-08-05,14648.80
2016-08-08,14755.60
2016-08-09,14801.20
2016-08-10,14775.00
2016-08-11,14796.10
2016-08-12,14747.50
2016-08-15,14777.00
2016-08-16,14703.40
2016-08-17,14697.60
2016-08-18,14695.70
2016-08-19,14687.50
2016-08-22,14748.20
2016-08-23,14764.80
2016-08-24,14626.20
2016-08-25,14630.70
2016-08-26,14639.90
2016-08-29,14682.00
2016-08-30,14684.90
2016-08-31,14598.00
2016-09-01,14683.90
2016-09-02,14795.70
2016-09-06,14813.00
2016-09-07,14796.80
2016-09-08,14803.30
2016-09-09,14540.00
2016-09-12,14597.10
2016-09-13,14349.10
2016-09-14,14366.50
2016-09-15,14503.70
2016-09-16,14450.70
2016-09-19,14496.20
2016-09-20,14522.00
2016-09-21,14710.80
2016-09-22,14797.20
2016-09-23,14697.90
2016-09-26,14619.50
2016-09-27,14558.00
2016-09-28,14731.40
2016-09-29,14754.60
2016-09-30,14725.90
2016-10-03,14689.00
2016-10-04,14521.00
2016-10-05,14610.60
2016-10-06,14595.50
2016-10-07,14566.30
2016-10-11,14549.60
2016-10-12,14619.00
2016-10-13,14643.70
2016-10-14,14585.00
2016-10-17,14596.50
2016-10-18,14752.30
2016-10-19,14840.50
2016-10-20,14847.90
2016-10-21,14939.00
2016-10-24,14923.00
2016-10-25,14870.60
2016-10-26,14807.60
2016-10-27,14833.80
2016-10-28,14785.30
2016-10-31,14787.30
2016-11-01,14778.30
2016-11-02,14594.70
2016-11-03,14583.40
2016-11-04,14509.30
2016-11-07,14652.50
2016-11-08,14656.80
2016-11-09,14759.90
2016-11-10,14744.30
2016-11-11,14555.40
2016-11-14,14598.50
2016-11-15,14756.10
2016-11-16,14733.20
2016-11-17,14826.10
2016-11-18,14864.00
2016-11-21,15039.90
2016-11-22,15100.40
2016-11-23,15080.90
2016-11-24,15075.20
2016-11-25,15075.40
2016-11-28,15015.40
2016-11-29,14999.80
2016-11-30,15082.90
2016-12-01,15027.50
2016-12-02,15052.50
2016-12-05,15095.20
2016-12-06,15125.80
2016-12-07,15237.80
2016-12-08,15295.20
2016-12-09,15312.20
2016-12-12,15287.70
2016-12-13,15385.30
2016-12-14,15197.20
2016-12-15,15218.30
2016-12-16,15252.20
2016-12-19,15269.90
2016-12-20,15293.00
2016-12-21,15305.90
2016-12-22,15335.20
2016-12-23,15328.20
2016-12-28,15361.10
2016-12-29,15422.10
2016-12-30,15287.60
2017-01-03,15403.00
2017-01-04,15516.80
2017-01-05,15586.60
2017-01-06,15496.10
2017-01-09,15389.00
2017-01-10,15426.30
2017-01-11,15491.50
2017-01-12,15418.20
2017-01-13,15497.30
2017-01-16,15479.30
2017-01-17,15441.40
2017-01-18,15397.90
2017-01-19,15409.80
2017-01-20,15547.90
2017-01-23,15480.10
2017-01-24,15610.70
2017-01-25,15643.80
2017-01-26,15615.50
2017-01-27,15575.80
2017-01-30,15405.10
2017-01-31,15386.00
2017-02-01,15402.40
2017-02-02,15399.10
2017-02-03,15476.40
2017-02-06,15456.90
2017-02-07,15498.80
2017-02-08,15554.00
2017-02-09,15617.30
2017-02-10,15729.10
2017-02-13,15756.60
2017-02-14,15786.00
2017-02-15,15845.00
2017-02-16,15864.20
2017-02-17,15838.60
2017-02-21,15922.40
2017-02-22,15830.20
2017-02-23,15781.20
2017-02-24,15533.50
2017-02-27,15463.50
2017-02-28,15399.20
2017-03-01,15599.70
2017-03-02,15536.70
2017-03-03,15608.50
2017-03-06,15629.80
2017-03-07,15608.80
2017-03-08,15497.00
2017-03-09,15496.80
2017-03-10,15506.70
2017-03-13,15544.80
2017-03-14,15379.60
2017-03-15,15520.90
2017-03-16,15562.40
2017-03-17,15490.50
2017-03-20,15442.30
2017-03-21,15313.10
2017-03-22,15348.50
2017-03-23,15433.60
2017-03-24,15442.70
2017-03-27,15506.20
2017-03-28,15598.60
2017-03-29,15657.60
2017-03-30,15578.80
2017-03-31,15547.80
2017-04-03,15584.40
2017-04-04,15669.10
2017-04-05,15643.00
2017-04-06,15697.20
2017-04-07,15667.10
2017-04-10,15730.80
2017-04-11,15727.10
2017-04-12,15648.40
2017-04-13,15535.50
2017-04-17,15684.90
2017-04-18,15622.60
2017-04-19,15552.90
2017-04-20,15625.60
2017-04-21,15614.50
2017-04-24,15712.50
2017-04-25,15745.20
2017-04-26,15649.50
2017-04-27,15506.50
2017-04-28,15586.10
2017-05-01,15575.60
2017-05-02,15619.70
2017-05-03,15543.10
2017-05-04,15396.70
2017-05-05,15582.00
2017-05-08,15652.10
2017-05-09,15569.20
2017-05-10,15633.20
2017-05-11,15550.60
2017-05-12,15537.90
2017-05-15,15629.50
2017-05-16,15543.30
2017-05-17,15273.70
2017-05-18,15277.20
2017-05-19,15458.50
2017-05-23,15476.90
2017-05-24,15419.50
2017-05-25,15410.70
2017-05-26,15416.90
2017-05-29,15421.90
2017-05-30,15372.40
2017-05-31,15349.90
2017-06-01,15469.90
2017-06-02,15442.80
2017-06-05,15409.80
2017-06-06,15464.60
2017-06-07,15372.10
2017-06-08,15423.10
2017-06-09,15473.20
2017-06-12,15383.80
2017-06-13,15379.80
2017-06-14,15170.10
2017-06-15,15160.40
2017-06-16,15192.50
2017-06-19,15266.00
2017-06-20,15149.60
2017-06-21,15148.50
2017-06-22,15219.90
2017-06-23,15319.60
2017-06-26,15316.00
2017-06-27,15281.20
2017-06-28,15355.60
2017-06-29,15213.40
2017-06-30,15182.20
2017-07-04,15130.60
2017-07-05,15153.10
2017-07-06,15078.00
2017-07-07,15027.20
2017-07-10,15105.30
2017-07-11,15149.10
2017-07-12,15144.00
2017-07-13,15135.00
2017-07-14,15174.80
2017-07-17,15165.40
2017-07-18,15149.60
2017-07-19,15244.70
2017-07-20,15264.60
2017-07-21,15183.10
2017-07-24,15128.70
2017-07-25,15202.40
2017-07-26,15171.40
2017-07-27,15191.40
2017-07-28,15128.70
2017-07-31,15143.90
2017-08-01,15202.10
2017-08-02,15265.60
2017-08-03,15192.00
2017-08-04,15258.00
2017-08-08,15256.40
2017-08-09,15217.30
2017-08-10,15074.30
2017-08-11,15033.40
2017-08-14,15119.90
2017-08-15,15097.80
2017-08-16,15082.20
2017-08-17,15033.60
2017-08-18,14952.30
2017-08-21,14951.90
2017-08-22,14985.00
2017-08-23,15063.20
2017-08-24,15076.20
2017-08-25,15056.00
2017-08-28,15052.00
2017-08-29,15082.70
2017-08-30,15133.10
2017-08-31,15211.90
2017-09-01,15191.60
2017-09-05,15090.20
2017-09-06,15059.80
2017-09-07,15024.50
2017-09-08,14985.30
2017-09-11,15040.30
2017-09-12,15143.40
2017-09-13,15126.80
2017-09-14,15172.70
2017-09-15,15173.00
2017-09-18,15236.70
2017-09-19,15293.00
2017-09-20,15389.60
2017-09-21,15454.90
2017-09-22,15454.20
2017-09-25,15516.20
2017-09-26,15474.10
2017-09-27,15609.70
2017-09-28,15618.30
2017-09-29,15634.90
2017-10-02,15705.00
2017-10-03,15728.50
2017-10-04,15721.00
2017-10-05,15776.30
2017-10-06,15728.30
2017-10-10,15770.40
2017-10-11,15800.40
2017-10-12,15742.20
2017-10-13,15807.20
2017-10-16,15802.70
2017-10-17,15816.90
2017-10-18,15782.20
2017-10-19,15818.00
2017-10-20,15857.20
2017-10-23,15855.80
2017-10-24,15905.10
2017-10-25,15854.80
2017-10-26,15891.60
2017-10-27,15953.50
2017-10-30,16002.80
2017-10-31,16025.60
2017-11-01,16029.30
2017-11-02,16015.00
2017-11-03,16020.20
2017-11-06,16092.20
2017-11-07,16131.80
2017-11-08,16105.40
2017-11-09,16082.10
2017-11-10,16039.30
2017-11-13,16026.30
2017-11-14,15913.10
2017-11-15,15878.50
2017-11-16,15935.40
2017-11-17,15998.60
2017-11-20,16004.40
2017-11-21,16076.70
2017-11-22,16073.60
2017-11-23,16074.30
2017-11-24,16108.10
2017-11-27,16042.10
2017-11-28,16029.60
2017-11-29,15967.70
2017-11-30,16067.50
2017-12-01,16039.00
2017-12-04,15969.00
2017-12-05,15915.70
2017-12-06,15908.80
2017-12-07,16015.70
2017-12-08,16096.10
2017-12-11,16103.50
2017-12-12,16114.00
2017-12-13,16136.60
2017-12-14,16016.50
2017-12-15,16042.00
2017-12-18,16131.60
2017-12-19,16133.40
2017-12-20,16159.70
2017-12-21,16182.60
2017-12-22,16165.30
2017-12-27,16203.10
2017-12-28,16222.00
2017-12-29,16209.10
2018-01-02,16310.00
2018-01-03,16371.60
2018-01-04,16412.90
2018-01-05,16349.40
2018-01-08,16317.70
2018-01-09,16319.20
2018-01-10,16248.00
2018-01-11,16286.90
2018-01-12,16308.20
2018-01-15,16371.80
2018-01-16,16298.90
2018-01-17,16326.70
2018-01-18,16284.50
2018-01-19,16353.50
2018-01-22,16348.00
2018-01-23,16357.60
2018-01-24,16284.20
2018-01-25,16204.00
2018-01-26,16239.20
2018-01-29,16094.70
2018-01-30,15955.50
2018-01-31,15951.70
2018-02-01,15860.90
2018-02-02,15606.00
2018-02-05,15334.80
2018-02-06,15363.90
2018-02-07,15330.60
2018-02-08,15065.60
2018-02-09,15034.50
2018-02-12,15241.90
2018-02-13,15216.50
2018-02-14,15328.30
2018-02-15,15407.70
2018-02-16,15452.60
2018-02-20,15439.40
2018-02-21,15524.00
2018-02-22,15508.20
2018-02-23,15638.50
2018-02-26,15714.70
2018-02-27,15671.20
2018-02-28,15442.70
2018-03-01,15394.00
2018-03-02,15384.60
2018-03-05,15541.30
2018-03-06,15545.20
2018-03-07,15472.60
2018-03-08,15538.70
2018-03-09,15577.80
2018-03-12,15604.80
2018-03-13,15647.10
2018-03-14,15653.60
2018-03-15,15670.60
2018-03-16,15711.30
2018-03-19,15589.40
2018-03-20,15616.40
2018-03-21,15675.30
2018-03-22,15399.90
2018-03-23,15223.70
2018-03-26,15298.60
2018-03-27,15216.20
2018-03-28,15169.90
2018-03-29,15367.30
2018-04-02,15213.50
2018-04-03,15180.80
2018-04-04,15164.40
2018-04-05,15356.10
2018-04-06,15207.40
2018-04-09,15227.70
2018-04-10,15262.10
2018-04-11,15257.90
2018-04-12,15269.30
2018-04-13,15274.00
2018-04-16,15300.40
2018-04-17,15353.30
2018-04-18,15530.00
2018-04-19,15454.40
2018-04-20,15484.30
2018-04-23,15552.10
2018-04-24,15477.00
2018-04-25,15509.80
2018-04-26,15637.60
2018-04-27,15668.90
2018-04-30,15607.90
2018-05-01,15618.90
2018-05-02,15627.90
2018-05-03,15621.50
2018-05-04,15729.40
2018-05-07,15808.60
2018-05-08,15842.70
2018-05-09,15910.80
2018-05-10,15959.50
2018-05-11,15983.30
2018-05-14,16085.60
2018-05-15,16097.80
2018-05-16,16108.10
2018-05-17,16143.60
2018-05-18,16162.30
2018-05-22,16144.80
2018-05-23,16133.80
2018-05-24,16113.60
2018-05-25,16075.70
2018-05-28,16016.10
2018-05-29,15922.60
2018-05-30,16048.70
2018-05-31,16061.50
2018-06-01,16043.50
2018-06-04,16052.20
2018-06-05,16122.30
2018-06-06,16183.90
2018-06-07,16192.80
2018-06-08,16202.70
2018-06-11,16263.30
2018-06-12,16289.00
2018-06-13,16265.80
2018-06-14,16329.00
2018-06-15,16314.40
2018-06-18,16383.60
2018-06-19,16316.50
2018-06-20,16421.00
2018-06-21,16335.20
2018-06-22,16450.10
2018-06-25,16184.00
2018-06-26,16280.10
2018-06-27,16231.30
2018-06-28,16179.90
2018-06-29,16277.70
2018-07-03,16263.20
2018-07-04,16304.70
2018-07-05,16266.60
2018-07-06,16371.80
2018-07-09,16452.30
2018-07-10,16548.70
2018-07-11,16417.30
2018-07-12,16567.40
2018-07-13,16561.10
2018-07-16,16494.70
2018-07-17,16519.20
2018-07-18,16477.40
2018-07-19,16543.00
2018-07-20,16435.50
2018-07-23,16420.80
2018-07-24,16390.10
2018-07-25,16420.80
2018-07-26,16455.70
2018-07-27,16394.00
2018-07-30,16345.50
2018-07-31,16434.00
2018-08-01,16376.80
2018-08-02,16409.20
2018-08-03,16420.20
2018-08-07,16286.30
2018-08-08,16315.10
2018-08-09,16417.00
2018-08-10,16326.50
2018-08-13,16250.80
2018-08-14,16330.70
2018-08-15,16148.50
2018-08-16,16225.70
2018-08-17,16323.70
2018-08-20,16331.00
2018-08-21,16297.00
2018-08-22,16347.30
2018-08-23,16326.80
2018-08-24,16356.10
2018-08-27,16444.40
2018-08-28,16355.50
2018-08-29,16390.30
2018-08-30,16371.60
2018-08-31,16262.90
2018-09-04,16161.30
2018-09-05,16137.60
2018-09-06,16100.90
2018-09-07,16090.30
2018-09-10,16057.10
2018-09-11,16094.30
2018-09-12,16049.00
2018-09-13,16001.70
2018-09-14,16013.50
2018-09-17,16082.30
2018-09-18,16196.00
2018-09-19,16149.90
2018-09-20,16214.80
2018-09-21,16224.10
2018-09-24,16207.30
2018-09-25,16159.50
2018-09-26,16169.30
2018-09-27,16204.60
2018-09-28,16073.10
2018-10-01,16104.40
2018-10-02,16017.20
2018-10-03,16072.10
2018-10-04,16006.70
2018-10-05,15946.20
2018-10-09,15854.10
2018-10-10,15517.40
2018-10-11,15317.10
2018-10-12,15414.30
2018-10-15,15409.50
2018-10-16,15579.70
2018-10-17,15529.90
2018-10-18,15404.10
2018-10-19,15470.10
2018-10-22,15412.70
2018-10-23,15285.20
2018-10-24,14909.10
2018-10-25,14924.10
2018-10-26,14888.30
2018-10-29,14721.80
2018-10-30,14894.50
2018-10-31,15027.30
2018-11-01,15150.20
2018-11-02,15119.30
2018-11-05,15217.70
2018-11-06,15292.70
2018-11-07,15369.40
2018-11-08,15357.50
2018-11-09,15274.40
2018-11-12,15156.40
2018-11-13,15131.80
2018-11-14,15133.10
2018-11-15,15144.90
2018-11-16,15155.50
2018-11-19,15071.00
2018-11-20,14877.00
2018-11-21,15095.00
2018-11-22,15091.60
2018-11-23,15010.70
2018-11-26,15012.70
2018-11-27,14944.10
2018-11-28,15171.30
2018-11-29,15194.00
2018-11-30,15197.80
2018-12-03,15275.00
2018-12-04,15063.60
2018-12-05,15182.60
2018-12-06,14937.00
2018-12-07,14795.10
2018-12-10,14728.30
2018-12-11,14667.80
2018-12-12,14783.10
2018-12-13,14750.40
2018-12-14,14595.10
2018-12-17,14362.70
2018-12-18,14416.90
2018-12-19,14264.10
2018-12-20,14141.80
2018-12-21,13935.40
2018-12-24,13780.20
2018-12-27,14165.20
2018-12-28,14222.00
2018-12-31,14322.90
2019-01-02,14347.20
2019-01-03,14212.80
2019-01-04,14426.60
2019-01-07,14504.10
2019-01-08,14605.20
2019-01-09,14804.70
2019-01-10,14903.50
2019-01-11,14939.20
2019-01-14,14975.50
2019-01-15,15046.30
2019-01-16,15111.30
2019-01-17,15211.20
2019-01-18,15303.80
2019-01-21,15354.20
2019-01-22,15233.80
2019-01-23,15208.30
2019-01-24,15280.80
2019-01-25,15366.10
2019-01-28,15378.60
2019-01-29,15463.10
2019-01-30,15484.60
2019-01-31,15540.60
2019-02-01,15506.30
2019-02-04,15602.30
2019-02-05,15702.70
2019-02-06,15712.30
2019-02-07,15703.40
2019-02-08,15633.30
2019-02-11,15568.90
2019-02-12,15642.10
2019-02-13,15626.70
2019-02-14,15696.00
2019-02-15,15838.20
2019-02-19,15937.40
2019-02-20,16031.20
2019-02-21,16000.90
2019-02-22,16013.00
2019-02-25,16057.00
2019-02-26,16067.90
2019-02-27,16074.30
2019-02-28,15999.00
2019-03-01,16068.30
2019-03-04,16038.10
2019-03-05,16086.50
2019-03-06,16092.10
2019-03-07,16056.50
2019-03-08,15996.20
2019-03-11,16106.20
2019-03-12,16136.70
2019-03-13,16150.00
2019-03-14,16087.60
2019-03-15,16140.40
2019-03-18,16251.40
2019-03-19,16188.10
2019-03-20,16167.60
2019-03-21,16244.60
2019-03-22,16089.30
2019-03-25,16065.90
2019-03-26,16155.20
2019-03-27,16132.50
2019-03-28,16155.50
2019-03-29,16102.10
2019-04-01,16228.10
2019-04-02,16263.90
2019-04-03,16279.90
2019-04-04,16311.60
2019-04-05,16396.20
2019-04-08,16407.30
2019-04-09,16336.50
2019-04-10,16396.30
2019-04-11,16399.50
2019-04-12,16480.50
2019-04-15,16515.50
2019-04-16,16502.20
2019-04-17,16544.20
2019-04-18,16612.80
2019-04-22,16577.30
2019-04-23,16669.40
2019-04-24,16586.50
2019-04-25,16576.10
2019-04-26,16613.50
2019-04-29,16600.40
2019-04-30,16580.70
2019-05-01,16502.80
2019-05-02,16410.90
2019-05-03,16494.40
2019-05-06,16493.50
2019-05-07,16357.80
2019-05-08,16397.40
2019-05-09,16321.80
2019-05-10,16297.60
2019-05-13,16193.40
2019-05-14,16284.50
2019-05-15,16318.10
2019-05-16,16443.90
2019-05-17,16401.80
2019-05-21,16426.50
2019-05-22,16327.40
2019-05-23,16164.60
2019-05-24,16230.00
2019-05-27,16346.70
2019-05-28,16297.50
2019-05-29,16131.50
2019-05-30,16089.20
2019-05-31,16037.50
2019-06-03,16015.90
2019-06-04,16166.20
2019-06-05,16212.70
2019-06-06,16227.80
2019-06-07,16231.00
2019-06-10,16216.30
2019-06-11,16248.80
2019-06-12,16227.20
2019-06-13,16239.30
2019-06-14,16301.90
2019-06-17,16353.50
2019-06-18,16503.40
2019-06-19,16511.80
2019-06-20,16574.80
2019-06-21,16525.40
2019-06-24,16523.50
2019-06-25,16371.30
2019-06-26,16312.20
2019-06-27,16307.70
2019-06-28,16382.20
2019-07-02,16471.30
2019-07-03,16576.20
2019-07-04,16588.90
2019-07-05,16542.00
2019-07-08,16463.00
2019-07-09,16545.20
2019-07-10,16563.30
2019-07-11,16527.90
2019-07-12,16488.10
2019-07-15,16510.80
2019-07-16,16502.40
2019-07-17,16484.20
2019-07-18,16494.20
2019-07-19,16485.90
2019-07-22,16518.90
2019-07-23,16572.70
2019-07-24,16611.80
2019-07-25,16488.20
2019-07-26,16531.00
2019-07-29,16492.20
2019-07-30,16466.10
2019-07-31,16406.60
2019-08-01,16377.00
2019-08-02,16271.70
2019-08-06,16149.50
2019-08-07,16265.20
2019-08-08,16404.50
2019-08-09,16341.30
2019-08-12,16237.80
2019-08-13,16350.80
2019-08-14,16045.90
2019-08-15,16012.50
2019-08-16,16149.80
2019-08-19,16304.10
2019-08-20,16213.30
2019-08-21,16309.20
2019-08-22,16253.50
2019-08-23,16037.60
2019-08-26,16098.80
2019-08-27,16183.60
2019-08-28,16271.70
2019-08-29,16384.50
2019-08-30,16442.10
2019-09-03,16399.20
2019-09-04,16448.80
2019-09-05,16574.80
2019-09-06,16535.30
2019-09-09,16495.10
2019-09-10,16537.30
2019-09-11,16611.10
2019-09-12,16643.30
2019-09-13,16682.40
2019-09-16,16751.30
2019-09-17,16834.80
2019-09-18,16800.30
2019-09-19,16858.40
2019-09-20,16899.70
2019-09-23,16867.20
2019-09-24,16798.30
2019-09-25,16784.30
2019-09-26,16790.40
2019-09-27,16694.30
2019-09-30,16658.60
2019-10-01,16447.70
2019-10-02,16311.00
2019-10-03,16369.00
2019-10-04,16449.40
2019-10-07,16421.80
2019-10-08,16294.00
2019-10-09,16379.90
2019-10-10,16422.70
2019-10-11,16415.20
2019-10-15,16418.40
2019-10-16,16427.20
2019-10-17,16426.30
2019-10-18,16377.10
2019-10-21,16418.50
2019-10-22,16391.50
2019-10-23,16335.90
2019-10-24,16369.30
2019-10-25,16404.50
2019-10-28,16387.50
2019-10-29,16418.10
2019-10-30,16501.40
2019-10-31,16483.20
2019-11-01,16594.10
2019-11-04,16669.80
2019-11-05,16681.90
2019-11-06,16745.60
2019-11-07,16805.80
2019-11-08,16877.40
2019-11-11,16882.80
2019-11-12,16909.40
2019-11-13,16958.00
2019-11-14,16972.20
2019-11-15,17028.50
2019-11-18,17025.10
2019-11-19,17011.40
2019-11-20,17005.80
2019-11-21,16999.20
2019-11-22,16954.80
2019-11-25,17032.90
2019-11-26,17035.90
2019-11-27,17100.60
2019-11-28,17114.50
2019-11-29,17040.20
2019-12-02,16981.50
2019-12-03,16892.20
2019-12-04,16897.30
2019-12-05,16854.90
2019-12-06,16997.00
2019-12-09,16950.90
2019-12-10,16950.70
2019-12-11,16939.60
2019-12-12,16946.90
2019-12-13,17003.10
2019-12-16,17056.40
2019-12-17,17075.20
2019-12-18,17032.00
2019-12-19,17064.00
2019-12-20,17118.40
2019-12-23,17128.70
2019-12-24,17180.20
2019-12-27,17168.20
2019-12-30,17098.60
2019-12-31,17063.40
2020-01-02,17100.00
2020-01-03,17066.10
2020-01-06,17105.50
2020-01-07,17168.10
2020-01-08,17167.80
2020-01-09,17235.60
2020-01-10,17234.50
2020-01-13,17293.40
2020-01-14,17352.90
2020-01-15,17415.20
2020-01-16,17484.80
2020-01-17,17559.00
2020-01-20,17597.40
2020-01-21,17572.30
2020-01-22,17599.90
2020-01-23,17621.80
2020-01-24,17565.30
2020-01-27,17442.50
2020-01-28,17500.90
2020-01-29,17511.80
2020-01-30,17490.60
2020-01-31,17318.50
2020-02-03,17379.80
2020-02-04,17512.70
2020-02-05,17651.60
2020-02-06,17757.50
2020-02-07,17655.50
2020-02-10,17740.60
2020-02-11,17777.10
2020-02-12,17832.90
2020-02-13,17821.20
2020-02-14,17848.40
2020-02-18,17858.30
2020-02-19,17925.40
2020-02-20,17944.10
2020-02-21,17843.50
2020-02-24,17562.70
2020-02-25,17177.40
2020-02-26,17041.90
2020-02-27,16717.40
2020-02-28,16263.10
2020-03-02,16553.30
2020-03-03,16423.60
2020-03-04,16779.50
2020-03-05,16554.00
2020-03-06,16175.00
2020-03-09,14514.20
2020-03-10,14958.10
2020-03-11,14270.10
2020-03-12,12508.50
2020-03-13,13716.30
2020-03-16,12360.40
2020-03-17,12685.20
2020-03-18,11721.40
2020-03-19,12170.50
2020-03-20,11851.80
2020-03-23,11228.50
2020-03-24,12571.10
2020-03-25,13139.20
2020-03-26,13371.20
2020-03-27,12687.70
2020-03-30,13038.50
2020-03-31,13378.80
2020-04-01,12876.40
2020-04-02,13097.80
2020-04-03,12938.30
2020-04-06,13592.70
2020-04-07,13614.10
2020-04-08,13925.70
2020-04-09,14166.60
2020-04-13,14075.90
2020-04-14,14258.40
2020-04-15,13958.60
2020-04-16,13899.30
2020-04-17,14359.90
2020-04-20,14388.30
2020-04-21,13940.10
2020-04-22,14288.20
2020-04-23,14251.10
2020-04-24,14420.40
2020-04-27,14642.10
2020-04-28,14798.30
2020-04-29,15228.10
2020-04-30,14780.70
2020-05-01,14620.30
2020-05-04,14745.00
2020-05-05,14811.60
2020-05-06,14830.70
2020-05-07,14833.70
2020-05-08,14966.60
2020-05-11,15103.20
2020-05-12,14881.20
2020-05-13,14503.20
2020-05-14,14509.70
2020-05-15,14638.90
2020-05-19,14885.50
2020-05-20,14997.60
2020-05-21,14884.90
2020-05-22,14913.60
2020-05-25,15075.40
2020-05-26,15148.10
2020-05-27,15272.00
2020-05-28,15262.70
2020-05-29,15192.80
2020-06-01,15236.20
2020-06-02,15394.40
2020-06-03,15575.10
2020-06-04,15527.90
2020-06-05,15854.10
2020-06-08,15974.90
2020-06-09,15833.70
2020-06-10,15701.30
2020-06-11,15050.90
2020-06-12,15256.60
2020-06-15,15359.70
2020-06-16,15515.80
2020-06-17,15428.70
2020-06-18,15479.80
2020-06-19,15474.20
2020-06-22,15516.90
2020-06-23,15564.80
2020-06-24,15294.40
2020-06-25,15446.10
2020-06-26,15189.00
2020-06-29,15389.70
2020-06-30,15515.20
2020-07-02,15622.40
2020-07-03,15596.80
2020-07-06,15669.70
2020-07-07,15595.50
2020-07-08,15629.20
2020-07-09,15568.60
2020-07-10,15713.80
2020-07-13,15639.40
2020-07-14,15908.50
2020-07-15,16063.30
2020-07-16,16024.50
2020-07-17,16123.50
2020-07-20,16183.70
2020-07-21,16163.00
2020-07-22,16171.10
2020-07-23,16018.70
2020-07-24,15997.10
2020-07-27,16161.30
2020-07-28,16121.30
2020-07-29,16294.70
2020-07-30,16299.30
2020-07-31,16169.20
2020-08-04,16368.00
2020-08-05,16501.60
2020-08-06,16579.10
2020-08-07,16544.50
2020-08-10,16605.50
2020-08-11,16497.00
2020-08-12,16575.30
2020-08-13,16530.10
2020-08-14,16514.60
2020-08-17,16656.10
2020-08-18,16626.10
2020-08-19,16577.40
2020-08-20,16606.80
2020-08-21,16517.90
2020-08-24,16626.60
2020-08-25,16617.50
2020-08-26,16790.00
2020-08-27,16731.50
2020-08-28,16705.80
2020-08-31,16514.40
2020-09-01,16645.00
2020-09-02,16698.00
2020-09-03,16448.90
2020-09-04,16218.00
2020-09-08,16099.50
2020-09-09,16383.60
2020-09-10,16185.30
2020-09-11,16222.50
2020-09-14,16360.10
2020-09-15,16431.30
2020-09-16,16295.70
2020-09-17,16246.70
2020-09-18,16199.00
2020-09-21,15981.80
2020-09-22,16142.90
2020-09-23,15817.10
2020-09-24,15912.30
2020-09-25,16065.40
2020-09-28,16242.80
2020-09-29,16211.50
2020-09-30,16121.40
2020-10-01,16184.50
2020-10-02,16199.30
2020-10-05,16410.20
2020-10-06,16236.10
2020-10-07,16428.30
2020-10-08,16534.50
2020-10-09,16562.80
2020-10-13,16510.80
2020-10-14,16455.40
2020-10-15,16501.00
2020-10-16,16438.80
2020-10-19,16274.10
2020-10-20,16273.30
2020-10-21,16230.20
2020-10-22,16279.40
2020-10-23,16304.10
2020-10-26,16079.60
2020-10-27,16020.90
2020-10-28,15586.60
2020-10-29,15670.70
2020-10-30,15580.60
2020-11-02,15696.90
2020-11-03,15939.20
2020-11-04,15998.70
2020-11-05,16298.20
2020-11-06,16282.80
2020-11-09,16475.90
2020-11-10,16615.40
2020-11-11,16774.10
2020-11-12,16582.20
2020-11-13,16675.60
2020-11-16,16889.80
2020-11-17,16948.10
2020-11-18,16889.80
2020-11-19,16909.80
2020-11-20,17019.10
2020-11-23,17094.50
2020-11-24,17274.30
2020-11-25,17313.10
2020-11-26,17351.30
2020-11-27,17396.60
2020-11-30,17190.30
2020-12-01,17296.90
2020-12-02,17358.20
2020-12-03,17398.00
2020-12-04,17521.00
2020-12-07,17582.40
2020-12-08,17639.00
2020-12-09,17559.90
2020-12-10,17593.30
2020-12-11,17548.90
2020-12-14,17387.40
2020-12-15,17506.50
2020-12-16,17567.40
2020-12-17,17652.90
2020-12-18,17534.60
2020-12-21,17500.90
2020-12-22,17552.50
2020-12-23,17593.60
2020-12-24,17623.90
2020-12-29,17543.40
2020-12-30,17545.80
2020-12-31,17433.40
2021-01-04,17527.80
2021-01-05,17682.50
2021-01-06,17828.10
2021-01-07,18027.60
2021-01-08,18042.10
2021-01-11,17934.50
2021-01-12,17985.80
2021-01-13,17934.70
2021-01-14,17958.10
2021-01-15,17909.00
2021-01-18,17944.90
2021-01-19,17957.40
2021-01-20,18014.90
2021-01-21,17916.20
2021-01-22,17845.90
2021-01-25,17906.00
2021-01-26,17779.40
2021-01-27,17424.40
2021-01-28,17657.20
2021-01-29,17337.00
2021-02-01,17692.50
2021-02-02,17874.50
2021-02-03,17915.90
2021-02-04,18042.00
2021-02-05,18135.90
2021-02-08,18330.30
2021-02-09,18408.60
2021-02-10,18457.80
2021-02-11,18393.00
2021-02-12,18460.20
2021-02-16,18492.50
2021-02-17,18374.80
2021-02-18,18274.10
2021-02-19,18384.30
2021-02-22,18416.70
2021-02-23,18330.10
2021-02-24,18484.50
2021-02-25,18223.50
2021-02-26,18060.30
2021-03-01,18299.60
2021-03-02,18421.60
2021-03-03,18320.70
2021-03-04,18125.70
2021-03-05,18381.00
2021-03-08,18457.80
2021-03-09,18599.20
2021-03-10,18690.00
2021-03-11,18844.60
2021-03-12,18851.30
2021-03-15,18954.80
2021-03-16,18874.00
2021-03-17,18983.10
2021-03-18,18836.50
2021-03-19,18854.00
2021-03-22,18815.10
2021-03-23,18669.80
2021-03-24,18628.30
2021-03-25,18651.10
2021-03-26,18752.60
2021-03-29,18719.20
2021-03-30,18705.60
2021-03-31,18700.70
2021-04-01,18990.30
2021-04-05,19026.80
2021-04-06,19104.10
2021-04-07,19129.10
2021-04-08,19228.90
2021-04-09,19228.00
2021-04-12,19201.30
2021-04-13,19203.70
2021-04-14,19171.70
2021-04-15,19321.90
2021-04-16,19351.30
2021-04-19,19204.40
2021-04-20,19040.80
2021-04-21,19143.30
2021-04-22,19031.60
2021-04-23,19102.30
2021-04-26,19170.60
2021-04-27,19175.10
2021-04-28,19357.00
2021-04-29,19255.90
2021-04-30,19108.30
2021-05-03,19213.20
2021-05-04,19188.00
2021-05-05,19310.70
2021-05-06,19291.00
2021-05-07,19472.70
2021-05-10,19361.90
2021-05-11,19274.00
2021-05-12,19107.80
2021-05-13,19135.80
2021-05-14,19366.70
2021-05-17,19474.70
2021-05-18,19507.10
2021-05-19,19417.00
2021-05-20,19543.00
2021-05-21,19527.30
2021-05-25,19564.10
2021-05-26,19745.50
2021-05-27,19774.40
2021-05-28,19897.93
2021-05-31,19894.61
2021-06-01,19939.85
2021-06-02,19839.59
2021-06-03,19817.51
2021-06-04,19857.39
2021-06-07,19911.92
2021-06-08,19834.81
2021-06-09,19921.09
2021-06-10,19846.80
2021-06-11,19843.35
2021-06-14,19935.96
2021-06-15,19819.75
2021-06-16,19910.06
2021-06-17,19805.86
2021-06-18,19825.57
2021-06-21,19850.96
2021-06-22,19762.13
2021-06-23,19714.15
2021-06-24,19766.18
2021-06-25,19896.27
2021-06-28,19774.58
2021-06-29,19856.60
2021-06-30,19812.90
2021-07-01,19934.27
2021-07-02,19850.94
2021-07-05,19866.26
2021-07-06,19848.48
2021-07-07,19836.83
2021-07-08,19876.24
2021-07-09,19824.37
2021-07-12,19959.97
2021-07-13,19943.55
2021-07-14,19916.09
2021-07-15,19824.80
2021-07-16,19903.46
2021-07-19,20024.74
2021-07-20,19977.20
2021-07-21,19899.11
2021-07-22,20109.08
2021-07-23,19947.51
2021-07-26,20105.96
2021-07-27,19874.56
2021-07-28,20084.39
2021-07-29,20046.96
2021-07-30,19961.89
2021-08-02,19964.66
2021-08-03,19991.61
2021-08-04,19932.32
2021-08-05,19908.38
2021-08-06,19939.55
2021-08-09,19955.75
2021-08-10,19931.55
2021-08-11,19928.32
2021-08-12,19873.91
2021-08-13,19974.15
2021-08-16,19956.15
2021-08-17,19950.69
2021-08-18,19996.51
2021-08-19,19983.63
2021-08-20,19962.10
2021-08-23,19979.09
2021-08-24,20014.22
2021-08-25,20041.78
2021-08-26,20085.60
2021-08-27,20111.27
2021-08-30,20060.20
2021-08-31,20123.37
2021-09-01,19979.32
2021-09-02,20098.82
2021-09-03,20040.69
2021-09-06,20067.32
2021-09-07,20047.96
2021-09-08,20139.35
2021-09-09,20062.99
2021-09-10,20107.36
2021-09-13,20133.55
2021-09-14,20073.46
2021-09-15,20234.20
2021-09-16,20010.03
2021-09-17,20105.91
2021-09-20,20159.30
2021-09-21,20308.68
2021-09-22,20148.57
2021-09-23,20236.44
2021-09-24,20174.76
2021-09-27,20040.21
2021-09-28,20105.46
2021-09-29,20169.46
2021-09-30,19210.36